No,Date,Year,Title,Keyword group (Tamil),Keyword group (English),Matched terms,Places mentioned,Source,Source country,Language,URL,Archive copy,Snippet,Match basis,Found via,Found on
1,2026-10-09,2026,9ம் நூற்றாண்டு வட்டெழுத்து நடுகல் கண்டுபிடிப்பு,"கல்வெட்டு, நடுகல்","Inscription / Epigraphy, Hero stone / Memorial stone","கல்வெட்டு, வட்டெழுத்து, கல்வெட்டு ஆய்வாளர், நடுகல், வீரக்கல்",China,dinamalar.com,India,Tamil,https://www.dinamalar.com/news/tamil-nadu-district-news-salem/news/1669415,,"உள்ளடக்கத்திற்கு செல்ல ADDED : டிச 15, 2016 06:49 AM வாழப்பாடி: நீர்மூழ்கிகுட்டை கிராமத்தில், ஒன்பதாம் நூற்றாண்டு காலத்தின் வட்டெழுத்துடன் கூடிய நடுகல் கண்டுபிடிக்கப்பட்டுள்ளது. சேலம் மாவட்ட வரலாற்று தேடல் குழுவை சேர்ந்த, விழுப்புரம் வீரராகவன், ஆறகழூர் பொன்.வெங்கடேசன், ஆசிரியர் கலைச்செல்வன், ஓமலூர் …",full-text,seed,2026-10-09
2,2026-10-09,2026,"ASI finds three inscriptions at Karivalamvanthanallur temple, begins estampage work for their digitisation",கல்வெட்டு,Inscription / Epigraphy,inscriptions,,news.google.com,Other,English/Other,https://news.google.com/rss/articles/CBMiigJBVV95cUxOZXdXZF8taHBkUFNDX1ZQektIbUxaeXZyYXhnNm9OblhXMXdvMHlrM25ha19tanJHZFNldHlSRXhad0ZCSFJJZ0hIbEdVeHVpdlU3eDYyMUhCNHNrVXIySHJjbWJBQVN2dHFzSEVsdGpWa2VGZkx5dVpBOUVMWDZXTDZhNzhnbS1mR1kwc01kMFhuUUYtNkl6Z2c3a29UWnNGaUU1N1lZZS1VeTBVak5ncmJMZkpYd0stcFhTQmN2S0lDQ19vU2RPWXFybjVRX2lWM0dacmhjOGY5Zl9lTzdNXzZPazBXZFVHS1BsZWJsMldKZ19YYW1wRUQzOUhWd1FuRXRPNWRkTlZIUdIBigJBVV95cUxOZXdXZF8taHBkUFNDX1ZQektIbUxaeXZyYXhnNm9OblhXMXdvMHlrM25ha19tanJHZFNldHlSRXhad0ZCSFJJZ0hIbEdVeHVpdlU3eDYyMUhCNHNrVXIySHJjbWJBQVN2dHFzSEVsdGpWa2VGZkx5dVpBOUVMWDZXTDZhNzhnbS1mR1kwc01kMFhuUUYtNkl6Z2c3a29UWnNGaUU1N1lZZS1VeTBVak5ncmJMZkpYd0stcFhTQmN2S0lDQ19vU2RPWXFybjVRX2lWM0dacmhjOGY5Zl9lTzdNXzZPazBXZFVHS1BsZWJsMldKZ19YYW1wRUQzOUhWd1FuRXRPNWRkTlZIUQ?oc=5,,,title-only,gnews,2026-10-09
3,2026-10-09,2026,New find shows Vengalur existed in the Chola era,"கல்வெட்டு, நடுகல், தொல்லியல்","Inscription / Epigraphy, Hero stone / Memorial stone, Archaeology / Excavation","inscription, inscriptions, epigraphy, hero stone, hero stones, hero-stone, archaeology, archaeological",,bangaloremirror.indiatimes.com,Other,English/Other,http://bangaloremirror.indiatimes.com/bangalore/others/new-find-shows-vengalur-existed-in-the-chola-era/articleshow/61635946.cms,,New find shows Vengalur existed in the Chola era By: Kushala Satyanarayana Bengaluru figures in ancient Tamil inscription on outer wall of Madivala Someshwara Temple The name Bengaluru throws up interesting revelations time and again. An inscription found on a shrine in Madivala mentions the name Ve…,full-text,gdelt,2026-10-09
4,2026-10-09,2026,இருவேறு நுாற்றாண்டை சேர்ந்த 3 நடுகற்கள் கண்டுபிடிப்பு,நடுகல்,Hero stone / Memorial stone,"நடுகல், நடுகற்கள், நடுகல்லு",,dinamalar.com,India,Tamil,https://www.dinamalar.com/news/tamil-nadu-district-news-krishnagiri/discovery-of-3-center-stones-from-two-different-centuries/4177215,,"உள்ளடக்கத்திற்கு செல்ல இருவேறு நுாற்றாண்டை சேர்ந்த 3 நடுகற்கள் கண்டுபிடிப்பு ADDED : மார் 19, 2026 06:53 AM கிருஷ்ணகிரி:ஆனந்துாரில், இருவேறு நுாற்றாண்டுகளை சேர்ந்த, 3 நடுகற்-களை, ஒரே இடத்தில் வரலாற்று ஆய்வுக்குழுவினர் கண்டறிந்-துள்ளனர். கிருஷ்ணகிரி வரலாற்று ஆய்வு மற்றும் ஆவணப்படுத்தும் குழு, மாவட்ட …",full-text,seed,2026-10-09
5,2026-10-09,2026,இலஞ்சி அருகே 19 ஆம் நூற்றாண்டு கல்வெட்டு கண்டுபிடிப்பு,கல்வெட்டு,Inscription / Epigraphy,கல்வெட்டு,,news.google.com,Other,Tamil,https://news.google.com/rss/articles/CBMipwFBVV95cUxOS09VbmhwRkl2Y0tKYmZna2luRFhvakdmRFZ1WkR5di1ZekVOUVZQSmFFLUEyTGtqVmttY1dXV3ljSzltOW13YlFDdldfWG1pZ05sSzhlN0tKQUZlVkMzUzMtTVVCSVp1SzZnQlpHZmpfVDNueWcxeUhjUHh2WXg3UGZyUkVfbUgyZUhpbndSTHZ5d0VHRUlObGRfWkJvOUtMOHVlMUxCRdIBpwFBVV95cUxOS09VbmhwRkl2Y0tKYmZna2luRFhvakdmRFZ1WkR5di1ZekVOUVZQSmFFLUEyTGtqVmttY1dXV3ljSzltOW13YlFDdldfWG1pZ05sSzhlN0tKQUZlVkMzUzMtTVVCSVp1SzZnQlpHZmpfVDNueWcxeUhjUHh2WXg3UGZyUkVfbUgyZUhpbndSTHZ5d0VHRUlObGRfWkJvOUtMOHVlMUxCRQ?oc=5,,,title-only,gnews,2026-10-09
6,2026-10-09,2026,ஏலகிரி மலையில் விஜயநகரக் கால நடுகற்கள்!,"கல்வெட்டு, நடுகல்","Inscription / Epigraphy, Hero stone / Memorial stone","கல்வெட்டு, கல்வெட்டுகள், நடுகல், நடுகற்கள், நடுகல்லு",,tnpscthervupettagam.com,Other,Tamil,https://www.tnpscthervupettagam.com/ta/articles-detail/ஏலகிரி-மலையில்-விஜயநகரக்-கால-நடுகற்கள்,,"PREVIOUS May 12 , 2023 1246 days 745 0 - ஏலகிரி மலையில் விஜய நகரக் காலத்தைச் சோ்ந்த இரு நடுகற்கள் கண்டெடுக்கப்பட்டுள்ளன. - திருப்பத்தூா் தூய நெஞ்சக் கல்லூரியின் தமிழ்த் துறைப் பேராசிரியா் க.மோகன் காந்தி, ஆங்கிலத் துறைப் பேராசிரியா் வ.மதன் குமாா், காணிநிலம் மு.முனிசாமி, திருப்பத்தூா் அரசு கலைக்கல்லூ…",full-text,seed,2026-10-09
7,2026-10-09,2026,கரிக்கியூர் பாறை ஓவியங்கள்,பாறை ஓவியம்,Rock art / Rock painting,"பாறை ஓவியங்கள், பாறை ஓவியத்",,tnpscthervupettagam.com,Other,Tamil,https://www.tnpscthervupettagam.com/ta/currentaffairs-detail/கரிக்கியூர்-பாறை-ஓவியங்கள்,,"PREVIOUS August 2 , 2022 1529 days 1258 0 - கரிக்கியூர் பாறை ஓவியங்கள் ஆனது குன்றின் செங்குத்துப் பக்க ஓரங்களில் செதுக்கப் பட்ட 300க்கும் மேற்பட்ட படங்களைக் கொண்டதாகும். - அவை 5,000 ஆண்டுகளுக்கு மேல் பழமையானவை என்று நம்பப்படுகிறது. - சமீபத்திய தசாப்தங்களில் நீலகிரி முழுவதும் மீண்டும் கண்டெடுக்கப்பட்…",full-text,seed,2026-10-09
8,2026-10-09,2026,கீழடியில் புதிய கண்டுபிடிப்புகள்,தொல்லியல்,Archaeology / Excavation,"தொல்லியல், தொல்லியல் துறை, அகழாய்வு, தொல்பொருட்கள், கீழடி, tnsda",Tamil Nadu,tnpscthervupettagam.com,Other,Tamil,https://www.tnpscthervupettagam.com/ta/currentaffairs-detail/கீழடியில்-புதிய-கண்டுபிடிப்புகள்,,"PREVIOUS July 27 , 2026 74 days 265 0 - தமிழ்நாட்டில் உள்ள கீழடி தொல்லியல் தளத்தில் நடைபெற்ற 11-வது கட்ட அகழாய்வில் புதிய செங்கல் கட்டுமானங்கள், வடிகால் அமைப்புகள் மற்றும் பல தொல் பொருட்கள் கண்டறியப்பட்டுள்ளன. - சிவகங்கை மாவட்டத்தில் மதுரைக்கு அருகே உள்ள கீழடியில் தமிழ்நாடு மாநில தொல்லியல் துறை (TNS…",full-text,seed,2026-10-09
9,2026-10-09,2026,கொந்தகையில் இரும்பு வாள் கண்டுபிடிப்பு,தொல்லியல்,Archaeology / Excavation,"அகழாய்வு, அகழ்வாராய்ச்சி, கீழடி",,tnpscthervupettagam.com,Other,Tamil,https://www.tnpscthervupettagam.com/ta/currentaffairs-detail/கொந்தகையில்-இரும்பு-வாள்-கண்டுபிடிப்பு,,"PREVIOUS October 7 , 2022 1463 days 820 0 - 40 செ.மீ அளவுள்ள, இதுவரையில் கண்டுபிடிக்கப்பட்டதில் ஒரு மிக நீண்ட வாளானது கொந்தகையில் கண்டெடுக்கப்பட்டது. - இது மதுரைக்கு அருகிலுள்ள கீழடி அகழாய்வுத் தொகுதியின் ஒரு பகுதியாகும். - கல்லறைப் பொருட்கள், எலும்புக் கூடுகள் மற்றும் கருப்பு & சிவப்பு நிறம் கொண்ட …",full-text,seed,2026-10-09
10,2026-10-09,2026,தமிழ்-பிராமி கல்வெட்டு கண்டுபிடிப்பு,"கல்வெட்டு, நடுகல், தொல்லியல்","Inscription / Epigraphy, Hero stone / Memorial stone, Archaeology / Excavation","கல்வெட்டு, தமிழ் பிராமி, தமிழ்-பிராமி, நடுகல், அகழ்வாராய்ச்சி, தொல்பொருள்",,tnpscthervupettagam.com,Other,Tamil,https://www.tnpscthervupettagam.com/ta/currentaffairs-detail/%E0%AE%A4%E0%AE%AE%E0%AE%BF%E0%AE%B4%E0%AF%8D-%E0%AE%AA%E0%AE%BF%E0%AE%B0%E0%AE%BE%E0%AE%AE%E0%AE%BF-%E0%AE%95%E0%AE%B2%E0%AF%8D%E0%AE%B5%E0%AF%86%E0%AE%9F%E0%AF%8D%E0%AE%9F%E0%AF%81-%E0%AE%95%E0%AE%A3%E0%AF%8D%E0%AE%9F%E0%AF%81%E0%AE%AA%E0%AE%BF%E0%AE%9F%E0%AE%BF%E0%AE%AA%E0%AF%8D%E0%AE%AA%E0%AF%81,,"PREVIOUS April 4 , 2026 188 days 547 0 - திருப்பூர் மாவட்டம் குமாரிக்கல் பாளையத்தில் இந்திய தொல்பொருள் ஆய்வுத் துறை (ASI) மேற்கொண்ட ஆய்வில், தமிழ்-பிராமி எழுத்துக்கள் பொறிக்கப்பட்ட பானை ஓடு கண்டெடுக்கப்பட்டுள்ளது. - இந்த எழுத்துக்கள் காலத்தால் கி.மு. 1-ஆம் நூற்றாண்டின் பிற்பகுதி முதல் கி.பி. 1-ஆம் ந…",full-text,seed,2026-10-09
11,2026-10-09,2026,நீலகிரியில் பண்டையக் காலக் கற்பாறைத் தளம்,பாறை ஓவியம்,Rock art / Rock painting,பாறை ஓவியங்கள்,,tnpscthervupettagam.com,Other,Tamil,https://www.tnpscthervupettagam.com/ta/currentaffairs-detail/நீலகிரியில்-பண்டையக்-காலக்-கற்பாறைத்-தளம்,,"PREVIOUS April 18 , 2023 1270 days 628 0 - சமீபத்தில் கோத்தகிரி வட்டாரத்தில் உள்ள ஜக்கனரை என்றக் கிராமத்திற்கு அருகில் பழமையான கற்பாறைத் தளம் ஒன்று கண்டுபிடிக்கப் பட்டது. - இதில் தோராயமாக 40க்கும் மேற்பட்ட பாறை ஓவியங்கள் வரையப்பட்டுள்ளன. - இது சிவப்புக் காவி ஓவியங்கள், சுருக்க வடிவியல் படங்கள், பெரு…",full-text,seed,2026-10-09
12,2026-10-09,2026,பாண்டியர் கால கல்வெட்டு சோழபுரத்தில் கண்டெடுப்பு,"கல்வெட்டு, தொல்லியல்","Inscription / Epigraphy, Archaeology / Excavation","கல்வெட்டு, தொல்லியல், தொல்லியல் துறை",,dinamalar.com,India,Tamil,https://www.dinamalar.com/news/tamil-nadu-district-news-virudhunagar/pandya-period-inscription-discovered-in-cholapuram/4140497,,"உள்ளடக்கத்திற்கு செல்ல பாண்டியர் கால கல்வெட்டு சோழபுரத்தில் கண்டெடுப்பு பாண்டியர் கால கல்வெட்டு சோழபுரத்தில் கண்டெடுப்பு ADDED : பிப் 02, 2026 04:29 AM ராஜபாளையம்: சோழபுரம் வெங்கடேச பெருமாள் கோவிலில், பாண்டியர் கால கல்வெட்டு கண்டெடுக்கப்பட்டுள்ளது. விரு துநகர் மாவட்டம், ராஜபாளையம் சோழபுரத்தில், வெங்…",full-text,seed,2026-10-09
13,2026-10-09,2026,மனிதன் எழுத பழகும் முன் வரைந்த பாறை ஓவியம் கண்டுபிடிப்பு,பாறை ஓவியம்,Rock art / Rock painting,"பாறை ஓவியம், பாறை ஓவியங்கள்",,dinamalar.com,India,Tamil,https://www.dinamalar.com/news_detail.asp?id=2187923&Print=1,,"உள்ளடக்கத்திற்கு செல்ல மனிதன் எழுத பழகும் முன் வரைந்த பாறை ஓவியம் கண்டுபிடிப்பு ADDED : ஜன 09, 2019 09:32 AM கிருஷ்ணகிரி: மனிதன் எழுத பழகும்முன், வரையப்பட்ட பாறை ஓவியம் கண்டறியப்பட்டுள்ளது. வரலாற்று ஆய்வு மற்றும் ஆவணப்படுத்தும் குழுவினர், கிருஷ்ணகிரி மாவட்டம், அகரம் இட்டிக்கல், மேற்கே உள்ள உஸ்தலஅள்ள…",full-text,seed,2026-10-09
14,2026-10-09,2026,வட்டெழுத்து கல்வெட்டு திருப்பூர் அருகே கண்டுபிடிப்பு,"கல்வெட்டு, தொல்லியல்","Inscription / Epigraphy, Archaeology / Excavation","கல்வெட்டு, வட்டெழுத்து, தொல்லியல்",,temple.dinamalar.com,India,Tamil,https://temple.dinamalar.com/news_detail.php?id=124405,,"| | | | முதல் பக்கம் » இன்றைய செய்திகள் | | | வட்டெழுத்து கல்வெட்டு திருப்பூர் அருகே கண்டுபிடிப்பு பதிவு செய்த நாள் 20 மே 2022 05:05 திருப்பூர்: திருப்பூர் அருகே பரஞ்சேர்வழி கோவிலில், 1,038ம் ஆண்டின் வட்டெழுத்து கல்வெட்டு கண்டறியப்பட்டுள்ளது. திருப்பூர் வீரராசேந்திரன் தொல்லியல் வரலாற்று ஆய்வு மைய இய…",full-text,seed,2026-10-09
15,2026-10-09,2026,வரலாற்றுக்கு முந்தைய கால பாறை ஓவியம் - நீலகிரி,பாறை ஓவியம்,Rock art / Rock painting,"பாறை ஓவியம், பாறை ஓவியங்கள்",,tnpscthervupettagam.com,Other,Tamil,https://www.tnpscthervupettagam.com/ta/currentaffairs-detail/வரலாற்றுக்கு-முந்தைய-கால-பாறை-ஓவியம்-நீலகிரி,,"PREVIOUS April 30 , 2026 162 days 369 0 - நீலகிரி மாவட்டத்தில் வரலாற்றுக்கு முந்தைய கால பாறை ஓவியங்கள் உள்ள இடம் மீண்டும் கண்டுபிடிக்கப்பட்டுள்ளது. - கோத்தகிரி அருகே வெள்ளரிக்கோம்பை கிராமத்தில் அமைந்துள்ள ""ஊர் பாறை"" என்று அழைக்கப்படும் இந்த இடம் இருளர் மற்றும் குரும்பர் பழங்குடியினருக்கு புனிதமான இட…",full-text,seed,2026-10-09
16,2026-10-09,2026,ஹொய்சாளர்களின் நடுகல் கண்டுபிடிப்பு,நடுகல்,Hero stone / Memorial stone,"நடுகல், வீரக்கல்",Karnataka,tnpscthervupettagam.com,Other,Tamil,https://www.tnpscthervupettagam.com/ta/currentaffairs-detail/ஹொய்சாளர்களின்-நடுகல்-கண்டுபிடிப்பு,,"PREVIOUS May 23 , 2026 139 days 285 0 - கர்நாடக மாநிலம் மாண்டியா மாவட்டத்தின் மணியூர் கிராமத்தில் 12 ஆம் நூற்றாண்டைச் சேர்ந்த ஹொய்சாளர்களின் வீரக்கல்/நடுகல் கண்டுபிடிக்கப் பட்டு உள்ளது. - இந்த வீரக்கல் ஹொய்சாள ஆட்சியாளர் விஷ்ணுவர்தனனின் ஆட்சிக் காலத்தைச் சேர்ந்ததாகும். - வீரக்கல் என்பது போர்களில் அல…",full-text,seed,2026-10-09
17,2026-10-08,2026,11th Century Chola Copper Plates to Return to India From Netherlands: PM Modi,கல்வெட்டு,Inscription / Epigraphy,copper plates,,news.google.com,Other,English/Other,https://news.google.com/rss/articles/CBMipAFBVV95cUxNNTRFak9ZVFVFbHZlcDB5MjF1RGwtaWN0N2t4UTlHZGtheXhJUlA4NzNGSDRPZFh3bEV1MWdNNThJZmtYOUpjbnFyYXRSdzZqaVo4U2hfRnd3X2pBNDRmcTRtaE1VYWpFRVRIb2liZDFLbl9vcm5GdGZMX19Da1VKcDB6VFhGbGxNdTd0RWNCcnlnbWl4clBPTmV6U2loaUdlWFkyVg?oc=5,,,title-only,gnews,2026-10-09
18,2026-10-08,2026,"From CM Vijay and Keeladi to movies, pop culture finds a place on this year’s golu steps",தொல்லியல்,Archaeology / Excavation,keeladi,,news.google.com,Other,English/Other,https://news.google.com/rss/articles/CBMi8wFBVV95cUxNMmxWNlEtQUZ3ZkhEYjNIXzdvdHdYR0ZZa2hTcFZNRzhzUGJQd0xXUjhabVFFMWgzcXc4S1hDR0JpM0Vwb3l4SlhCS2laVGZKSEVBbTFIR2YxZklUdEdERFRQMlNtRWptSl8xMmVocjAySnVwOFc4dml5Y2N2NzY0MThtcF8wM3oxem1MemRqSnZ2T3R1RTdHVVl5dHFtVHFodXJMMVlzM181eEJmX3ZrX1laTzAwSXI2SFZMaEVLcDEzQkhqcWZsTzk4NUZuX2FOUHM4VWdYQXhGQVB1SjBQWE45VEdlbTFuR01EZFlFdVdkQTjSAfgBQVVfeXFMT1ZyZzJhTGJZVUdlanozWmtyZHVyZkUxMUM3ak9GdWUxMEtGazg4aE9pd3F6NERCR29JYm10UHVGMzZWbzVtQ0RDMXZHVVhVRHJSMDBIQmxvTWpKa0U1S2VnVjJNUzFhRWtaWF84STIxbjJ1dnoyNnIyYlhsVUo0WmFXZlg5V1VRNFZxZWpHQTYxbEFhWjdZbkQ4WllHM0hXeExsa2hGaEFxVDBZa2d1SU1NNWtISHplUDh2aUl2WFo2VkdNeUhtLXhVUDcxOHJEcDNRVVVpRU5XWkNnWnBBdjVmQWNJNnQyZVFycDJWQUtUOVdjNjdXNW4?oc=5,,,title-only,gnews,2026-10-09
19,2026-10-08,2026,இலஞ்சி அருகே 19 ஆம் நூற்றாண்டு கல்வெட்டு கண்டுபிடிப்பு,கல்வெட்டு,Inscription / Epigraphy,கல்வெட்டு,,news.google.com,Other,Tamil,https://news.google.com/rss/articles/CBMipwFBVV95cUxQS2x6U1BJNlAtVjlqUDYwRGVJZkRLb1JOMFFRbDhlNEU4MU90cGk5MjNsdHBTemNIQ3VUR1lNX1ZLVDZ5SkFpNmpDb2kzeF9HTkNUdlUtRWJoVWFtUXlVTzU5eGJCRnpWQTZPdWxkZUVBU0UwUmJCYy1OTW5TY0E2ak55RkNfWXF1RWxQaDZuMWIyakx4bzRBTExiTm9QVEJDZ0JrVjZ0WdIBpwFBVV95cUxQS2x6U1BJNlAtVjlqUDYwRGVJZkRLb1JOMFFRbDhlNEU4MU90cGk5MjNsdHBTemNIQ3VUR1lNX1ZLVDZ5SkFpNmpDb2kzeF9HTkNUdlUtRWJoVWFtUXlVTzU5eGJCRnpWQTZPdWxkZUVBU0UwUmJCYy1OTW5TY0E2ak55RkNfWXF1RWxQaDZuMWIyakx4bzRBTExiTm9QVEJDZ0JrVjZ0WQ?oc=5,,,title-only,gnews,2026-10-09
20,2026-10-08,2026,இலஞ்சி அருகே 19 ஆம் நூற்றாண்டு கல்வெட்டு கண்டுபிடிப்பு,கல்வெட்டு,Inscription / Epigraphy,கல்வெட்டு,,news.google.com,Other,Tamil,https://news.google.com/rss/articles/CBMimgFBVV95cUxPa1ZsZldKOHZsQWRaQVpval9yZ01kQ2N2WncwaGVYTG9iMkFqTUJSdW5YNWQ0TXhoVGFnNkMwRWJiV2ZkZnB0R0dNcGhsTlp0QVY2aXdBb2NLUTd5NTFmTTBzRjdqRElrM1VEd0Zvd2k5OGFhMXhpUWJDdjhsR1NvS0UwVV9qMm9TSzhmdkJJSHFJaDVnaUxVV2hn0gGnAUFVX3lxTFBLbHpTUEk2UC1WOWpQNjBEZUlmREtvUk4wUVFsOGU0RTgxT3RwaTkyM2x0cFN6Y0hDdVRHWU1fVktUNnlKQWk2akNvaTN4X0dOQ1R2VS1FYmhVYW1ReVVPNTl4YkJGelZBNk91bGRlRUFTRTBSYkJjLU5NblNjQTZqTnlGQ19ZcXVFbFBoNm4xYjJqTHhvNEFMTGJOb1BUQkNnQmtWNnRZ?oc=5,,,title-only,gnews,2026-10-09
21,2026-10-08,2026,மழையால் சேதமடைந்த முதுமக்கள் தாழிகள்,தொல்லியல்,Archaeology / Excavation,முதுமக்கள் தாழி,,news.google.com,Other,Tamil,https://news.google.com/rss/articles/CBMipwFBVV95cUxNZ19Jbk5VMkJpUVRoVHEzQ2VKcnI0aHQ5eGN5VkdoN0N1OTZQT2VxVHlFeHZJT2E1LTBGZ2t3UnAtXzJLQUw2aFlXeTFpZlRZZVVVV2ZVTG9LdUZpc3pFYl8yRVltUjRKeV9tMW9Ob2NwcldSWHNTaElRWV9udGI4SXM4Z2dLU09JVXZ1alRMSzlNVWhWLXRZMUxfcm1GZXotT3pTaFBmRQ?oc=5,,,title-only,gnews,2026-10-09
22,2026-10-08,2026,மழையால் சேதமடைந்த முதுமக்கள் தாழிகள்,தொல்லியல்,Archaeology / Excavation,முதுமக்கள் தாழி,,news.google.com,Other,Tamil,https://news.google.com/rss/articles/CBMirAFBVV95cUxNdEtLX25DbnVUN0JBTVlKcDVmbHlwVGlmNFY1Mm9PSTlERUNuS2NkLXVDNE5hdUR2Q294QWxNUlVpUlp1SVQtWi1VZEMyRUlrQ29YbXFleEhzTVpuUUhYUnM0c01PUGpTZHlfcFJJbTNWb3FhZ2VXQU9hcF9KRzZqSWZUVVJjQnAxNy1sNzVjWVAzS0tldC1CRVZpb21DOU5rOEFGUEpnQzN5QkhW?oc=5,,,title-only,gnews,2026-10-09
23,2026-10-06,2026,"3,000 ஆண்டு பழமையான பாறை ஓவியங்கள்",பாறை ஓவியம்,Rock art / Rock painting,பாறை ஓவியங்கள்,,news.google.com,Other,Tamil,https://news.google.com/rss/articles/CBMipwFBVV95cUxOWE9RYmxZZWxINHoyVGN1cE9rSzlFS3cxY1Nob3ZUQ3dOekYtLWJ1V0F6QmlwSEdiVE01bFlkSFNrUkQ1aUtFcmozTEhSVnAwZ0dVdExpRWpQSm1ET21QS1Mtd3U4eW1yVk1IRzJCVWprS0RIZjNxZHI4YS1Gc1lpdUo2V01CWFRDZzdqSzdxNjE5NmJvVFBfYzI1RzRqOVJaVDBMYXBmYw?oc=5,,,title-only,gnews,2026-10-09
24,2026-10-06,2026,Inscription of Vijayanagara ruler Rama Raya found near Haratikote,கல்வெட்டு,Inscription / Epigraphy,inscription,,news.google.com,Other,English/Other,https://news.google.com/rss/articles/CBMizAFBVV95cUxNZmZhOU1vNTUyRmF3WXE2SjlWQzZ1ZmxDRDBzaFluMVRxMHZiQ0dfR2pnV1JPdndjSnRjTkxwY19LaklwV3NSWGliOFFnVFllc1B5MjRRM3VDcXBVUnE0dWYzdGM4ck1DR1kxUkNrWTFCWTZEZnItNmVkZGR3MjVHaVJZYVJlYmQzWU9BMFJ3UXdSd2YxY0N5SF9DV0djbmhiUHdnak04TDZleDBLczhET21lbWhxUGdobUFsM2VrWWZwMmR1ZGhjeTFzMlo?oc=5,,,title-only,gnews,2026-10-09
25,2026-10-06,2026,"Waste burning mars 2,500-year-old Tamil Nadu megalithic site",தொல்லியல்,Archaeology / Excavation,megalithic,Tamil Nadu,news.google.com,Other,English/Other,https://news.google.com/rss/articles/CBMivwFBVV95cUxOa0liOUFDdUh2Vm5NcDNQQ2lTSHk0ZlJScUUtTGk2RUJ0ajZDeHhXZzVCYTZyZW5fb05pUUlXZjRtNW1rYlIyUGxsZllRZW5FVkw1NDBBTmVZTzhOTjdUWmM3cmdXc2tFU3R5MWhyTHFGdWhPeXo0OEcyYnAxaGNYNEdRa3ZXcExmSmpXREUzWjJOX21lOHFIaWdvX1FFY0Q1S3Z2alNJWFpZQkRzOTdjSE1sb3FNOGtISGlmNVlEVdIBzAFBVV95cUxORFpVQ2tuVjJibTZCUjY0WU5qX0FEdXN0RkRNQmhEVG5NaS1uX3R5MWVPZk9UT3FHSVRnQXFYbUdEN2tVYnZoeVVUTEZLUm5pUVRGTVNBSDV5MGdkV1E2c1RLWmtjcHlHeFlqdkQxLWtfSmdlZFFLN2pUeUVMMWFXNUdfUzFNTUlYeWRnME5mQ1RtM1d0ZHdLME95NDZYODQydFJOT1FPWGkwakliR2c3X3hlUEFRMnpIWEd5Y1ZLVWY0dUoxY2VtblBvV1Q?oc=5,,,title-only,gnews,2026-10-09
26,2026-10-06,2026,தேன்கனிக்கோட்டை அருகே 3 ஆயிரம் ஆண்டுகள் பழமையான பாறை ஓவியங்கள் கண்டுபிடிப்பு,பாறை ஓவியம்,Rock art / Rock painting,பாறை ஓவியங்கள்,,news.google.com,Other,Tamil,https://news.google.com/rss/articles/CBMiwwFBVV95cUxOX09aWjBTR1k5ZllwVVpldThnUTBQeGJRaGtIUTVJSU5GX1RJVGlENFJ1WDFXdG9rSWxQTVY4bl93dExvR2IyQWtaT2UzOGhMSVJJa2JmdTQ2ZXhPX3JKUm5vb1R3VTNicDBzMWJjZVhYa3lsZElmU21qdkVRNXlpeGN5eU9mYW83N2E0d0oyeVRzNDUtN0tqcGViZXRUdUNfdmJZYVp1dzFDX29FQzhkaFVQb3Zvdk1vVDRLclFaWUV3ZXfSAdABQVVfeXFMT19uRzFnZjlvLUNfa05vTkJ2WW16ekxpdlBDMjhCRzF4bWF0U1dZb05JSzdxNmRaejhOUWJvSHZvb3U5NjlMa0VrQmRnOHA0UTk0eDV1MktaU053cTNxSmVPdy0yd1pPSXNLcXpUUVhPODVTV1VlelpSWkY1R2RVOWliUEdGV1VuZVlJSl8yRVl3a0pYZG0ycVdPaFpNaHlBeHZQUkRTU0hMR3V6ME4zc1k0WDBFWkhsYnBfU0ZzeXdTZG9KNlNWMFNwVTI1U0hfbw?oc=5,,,title-only,gnews,2026-10-09
27,2026-10-05,2026,"3,000 ஆண்டுகள் பழமையான பாறை ஓவியங்கள் கண்டெடுப்பு",பாறை ஓவியம்,Rock art / Rock painting,பாறை ஓவியங்கள்,,news.google.com,Other,Tamil,https://news.google.com/rss/articles/CBMimgFBVV95cUxOeUVwTVpZNlcySWJQMXpoMGxQX1FYTlg5aWJXY0hTWkF6VE9xYVk2MjJFVXlKT2lPbFNfbzNUX3FBTl9WWVpvZTk3VDR0Z2puZjBScEkzYjNwMnRtclA0eUJrRm1Ncy1ieFB1ZUVsV3ZuOG5NSHJnaV9MNFFDc3VwMkVPWm9qVXV3RU1lMV9mQVFiOHBzWUpPWmNR?oc=5,,,title-only,gnews,2026-10-09
28,2026-10-05,2026,தென்காசியில் 19-ம் நூற்றாண்டை சேர்ந்த கல்வெட்டு கண்டுபிடிப்பு,கல்வெட்டு,Inscription / Epigraphy,கல்வெட்டு,,news.google.com,Other,Tamil,https://news.google.com/rss/articles/CBMilAFBVV95cUxPXzNtMnB1MVd2YU9WRmVZeng2UWEyMnU1WkdoMjN1Y0lYTHVCSk9UT0FvUXJ5T3p2aFdQZW9UVEltNlpjenpLZ3c1Rk9fbHFTZG5GUy1nbGR4bnRrT3RpdFY5OU1BZkxoRE9XdVJEcm9QbF9jeWlZc1RnVlRydUM1YUNMQzFYTGNCZnljaHBtYnFtamEt0gGiAUFVX3lxTFBWWkNON2NrR19jYWItN2tWUEFFN0t0R25QdlI3Skh2XzFZZTJYbVRzWWFNZVNJTldJcjBHM010cUdvaFFRaUlxS0ZQQ0JDdFhyeGZlaFdmRzZ5SFhCY2toNmxQS1pOc2UyRXVBLTUtd2Qyc1ZFZ1NRVVNRMm5wOVBMd2w4VGtqRmVrMVRRLUtGOGVxZG5SUS1UT0JxaVQ1TWNtdw?oc=5,,,title-only,gnews,2026-10-09
29,2026-10-04,2026,India’s maritime past lies submerged. Archaeology can bring it back,தொல்லியல்,Archaeology / Excavation,archaeology,,news.google.com,Other,English/Other,https://news.google.com/rss/articles/CBMimAFBVV95cUxNTDh3aFRnMXczUUdsTDRSRDc5REdJbnJmU1E0X1RFYWU3RDZxNGRzaTFoUElMcEN5V3Jjc3lycmlqVjlUUWVyWExhLVpmVERaTDhMeWFGNk1Sb29PSExBQVM0VG9sZ2xuMmVXTUVjQWYzQ1BLZ2lOcURnelhBZnNDeXg3M0k5MEl2SDhwYW96MFJGS1lWZ19fStIBngFBVV95cUxPSnU1dDRnMk9mYmNjaHdqVnZnYmJDTmd5My1mSkNaaVEyRkl0R2hVU0o2TkQ5Qk9wV3EtdjZnalg5Rm10cWVtamtHNkpTMElMNEpRemhpcTgxbFBLWnBGOWFZRTVYbzhGS2NuVnhLQThIVzNNRU96cWQ0RWRLVWJPNDR5S0taR1hEU2NBSlNtRFNNV2JSNDVHXzVyeDVXZw?oc=5,,,title-only,gnews,2026-10-09
30,2026-10-04,2026,மார்ச் வரை அகழாய்வு தொல்லியல் துறை முடிவு,தொல்லியல்,Archaeology / Excavation,"தொல்லியல், தொல்லியல் துறை, அகழாய்வு",,news.google.com,Other,Tamil,https://news.google.com/rss/articles/CBMiuwFBVV95cUxPWmZFeEMtelYtc2NERms0X1ZnSk9sR19rbDBGdDRYd2xOWkZqcGp1WlVIRlk3dzgxWEl2Q1BRWDdxVC14QjZCTGhfOUkzWkNyd0pqRjA4WUl2aF9mam5oZ0pDVkxacnZYQm1BMWdsZ0lkNC1yOVVsWWlIaWQ5QUUyMmZpMzVIaE91R0toeDI5eWRwX1l5NHFCVWtKakNXTzk4T3ZKSmpzWng1N3VIYlh2anJ5RFlLQWktQmgw?oc=5,,,title-only,gnews,2026-10-09
31,2026-10-04,2026,மேடவாக்கத்தில் 13-ஆம் நூற்றாண்டு சோழர் கால கல்வெட்டு கண்டெடுப்பு,கல்வெட்டு,Inscription / Epigraphy,கல்வெட்டு,,news.google.com,Other,Tamil,https://news.google.com/rss/articles/CBMirgFBVV95cUxQTUN0eG5YNDNRZnYxQ01vMmktSndZaTE4TmdJdlF1Y2NtTGhRc0JkYThDemN3N1h1ZUdjLUxBbi0wV3NLX2NBc184eWFwOVNtM0hJS21oUjYxd25LYzJCdl9GRkJjTlFjLXdheUNUbVVwci1xTzFEa28zVUhSTUlYYW9uS0VUSUlNNXljNzZjMUtfbjBTSmtlc0RWT1dSa25lcjZpWnBtOHZVVGZhTUHSAbMBQVVfeXFMT21xTVVUQkJoMmhDNHZGcTJEQndBVWdTUFVRZnlVQ0lQaUlsVThWaXU1V0pKLURrekY2XzU5elRGcXp5eGJCVXAycExKdjRCS2ZKd2Vxc3dFb2lhRm1LU2FkUTZOTDZsZHd6c01taFhOWnJiTG9FVGpKN2VWbjBtNG9ERTRTS2RLQ1dNZEI1WVgzSEV3d2ZUbVFYdGlfd3pLazZHSHJ4RFByaXM4RFF0OEJEaXc?oc=5,,,title-only,gnews,2026-10-09
32,2026-10-03,2026,Poompuhar Underwater Archaeology Reveals a Port Lost to Coastal Change,தொல்லியல்,Archaeology / Excavation,archaeology,,news.google.com,Other,English/Other,https://news.google.com/rss/articles/CBMimAFBVV95cUxNbG9YX3A2SjZoTTRhZGdqTTVSQ3R5bHNDM1U2anBOTHJkZ2t1dURqUUZSZFU2QnV2QXdfVzlFRE0xTDBDc2M2YUluTUYtMFlldy1kTjMxXzVBZm5yVVRmYjh1WkxlM0k5aDc3YjFuS1pPaE5Hc2JHUGgxVTY5NnpGWEgyOW1jTmtTZG1xZkNtR0h3anhkQVdVYg?oc=5,,,title-only,gnews,2026-10-09
33,2026-10-02,2026,Chola-era inscription discovered during pond restoration in Medavakkam,கல்வெட்டு,Inscription / Epigraphy,inscription,,news.google.com,Other,English/Other,https://news.google.com/rss/articles/CBMi0AFBVV95cUxPRExzZld4aGhraGRuYVVLbHVLajVnWWtFVGZIOUF5cVBJdnVSS1NWWUozVWRhSnFXTGs3MVhFbTF3UjJES3g0d3ZlYXBmZWVIaldzdDJUUS1XeDd1T2pDZ2dLWm9lNjZnUldvRXZzTldVR201Sk9DWkh2a0JBOC1PZ09uRDhfWUJIbkE5R1FXbkU3NlRHWk5OUEpSN2pIZ1ZhLUIzbzhLa3dUaGRsNzk2b1hOemZwTjZ4N21mSTdydFNYMVduVkVhUVJOd185eE120gHXAUFVX3lxTE0yUy1aSGItR1RySTZzSU1TVzAyOU9SWlNJcGtwWFpZaFk5aF9oN092em5fTnRGN1hWNExFTUdZMmFNdVkycW1tMm1ubDhUZkhYRmIxeldGc21QWE1WTUJHdkRqbjBsN0RmamFlaHV2eHVYbnpxNEloV2stTlBOLVU3WmhpWGQ1SmhxTXZxajZ4V0E1QWJ4ME94aFF4MWUyZkhscWI2MGpZUVJHczUwYUZSMjM3UGpCX09VT2lZZjZpN2hhN2Z6THRMNnpkTFBPa0o2ZmlkRlZV?oc=5,,,title-only,gnews,2026-10-09
34,2026-09-14,2026,"தேனியில் 4,000 ஆண்டுகள் பழமையான பாறை ஓவியங்கள் கண்டுபிடிப்பு","பாறை ஓவியம், தொல்லியல்","Rock art / Rock painting, Archaeology / Excavation","பாறை ஓவியங்கள், தொல்லியல், தொல்பொருள், தொல்பொருட்கள்",,dailythanthi.com,India,Tamil,https://www.dailythanthi.com/news/tamilnadu/4000-year-old-rock-paintings-discovered-in-theni,,"தமிழக செய்திகள் தேனியில் 4,000 ஆண்டுகள் பழமையான பாறை ஓவியங்கள் கண்டுபிடிப்பு ஓவியங்களில் மனித உருவங்கள், வேட்டை காட்சிகள் மற்றும் சடங்கு நிகழ்வுகளை பிரதிபலிக்கும் காட்சிகள் இடம்பெற்றுள்ளன. தேனி, தேனி மாவட்டம் கடமலை குண்டு மலைப்பகுதியில் சுமார் 4,000 ஆண்டுகள் பழமையான வெள்ளை நிற பாறை ஓவியங்கள் கண்டுபி…",full-text,seed,2026-10-09
35,2026-08-09,2026,18ஆம் நூற்றாண்டுக் கல்வெட்டு கண்டுபிடிப்பு!,கல்வெட்டு,Inscription / Epigraphy,"கல்வெட்டு, கல்வெட்டுகள்",,nakkheeran.in,India,Tamil,https://www.nakkheeran.in/24-by-7-news/18th-century-inscription-discovered-12244146,,"சிவகங்கை மாவட்டம் தேவகோட்டை வட்டம், பிரண்டவயல் கிராமத்தில் ஒரு புராதனக் கல்வெட்டு இருப்பதாக அக்கிராமத்தைச் சேர்ந்த முத்து மற்றும் ஆறாவயல் பெரியய்யா ஆகியோர் கொடுத்த தகவலின்பேரில் காரைக்குடி அழகப்பா அரசு கலைக் கல்லூரியின் வரலாற்றுத்துறை இணைப் பேராசிரியர் முனைவர் வேலாயுதராஜா கள ஆய்வு மேற்கொண்டு அக் கல்…",full-text,seed,2026-10-09
36,2026-08-03,2026,"Stone Age Tools, Sangam Workshops Unearthed in Tamil Nadu",தொல்லியல்,Archaeology / Excavation,"archaeology, archaeological, keeladi",Tamil Nadu,drishtiias.com,Other,English/Other,https://www.drishtiias.com/daily-updates/daily-news-analysis/stone-age-tools-sangam-workshops-unearthed-in-tamil-nadu,,"Rapid Fire Stone Age Tools, Sangam Workshops Unearthed in Tamil Nadu - 03 Aug 2026 - 3 min read Recently, excavations at Malayadipatti near Karivalamvanthanallur in Tamil Nadu’s Tenkasi district have revealed evidence of a settlement that survived and evolved over thousands of years along the Vaippa…",full-text,seed,2026-10-09
37,2026-07-27,2026,"Rewriting History: 3,000-year-old Madurai rock art reveals Iron Age secrets","பாறை ஓவியம், தொல்லியல்","Rock art / Rock painting, Archaeology / Excavation","rock art, rock paintings, rock-art, cave paintings, archaeologist","Tamil Nadu, Kerala",dtnext.in,India,English/Other,https://www.dtnext.in/news/tamilnadu/rewriting-history-3000-year-old-madurai-rock-art-reveals-iron-age-secrets-2,,"Tamil Nadu Rewriting History: 3,000-year-old Madurai rock art reveals Iron Age secrets The discoveries were made during a surface exploration led by archaeologist T Muneeswaran, along with researchers Rajesh Kannan, Palani and Vigneshwaran. The team identified a long natural cave, white rock paintin…",full-text,seed,2026-10-09
38,2026-07-11,2026,சிவகங்கையில் கி.பி. 13 ஆம் நூற்றாண்டு கல்வெட்டு கண்டெடுப்பு - ஆய்வாளர்கள் கூறுவது என்ன?,கல்வெட்டு,Inscription / Epigraphy,"கல்வெட்டு, கல்வெட்டுகள்",Tamil Nadu,etvbharat.com,India,Tamil,https://www.etvbharat.com/ta/state/13th-century-ce-inscription-discovered-in-sivaganga-district-tns26071101750,,"சிவகங்கையில் கி.பி. 13 ஆம் நூற்றாண்டு கல்வெட்டு கண்டெடுப்பு - ஆய்வாளர்கள் கூறுவது என்ன? காரையூரில் அழகிய மணவாளப் பெருமாள் கோயிலைச் சேர்ந்த நம்பிமார்க்கு காரையூர், மணக்குடி, வண்ணக்கநல்லூர், தோட்டூர், உகளூர், பனைவயல் ஆகிய கிராமங்களிலும் இந்த கோயிலுக்கான திருவிடையாட்டம் எனப்படும் இறையிலி நிலங்கள் இருந்…",full-text,seed,2026-10-09
39,2026-07-07,2026,தாய்லாந்து தமிழி மோதிரம்,"கல்வெட்டு, தொல்லியல்","Inscription / Epigraphy, Archaeology / Excavation","inscription, inscriptions, inscribed, epigraphy, tamili, அகழ்வாராய்ச்சி, தொல்பொருள், archaeology, archaeological, archaeological excavations","Sri Lanka, Thailand, Malaysia, Indonesia, Vietnam, China, Cambodia",groups.google.com,Other,English/Other,https://groups.google.com/g/vallamai/c/Apmt9CcS6Uw,,"22 பார்வைகள் படிக்கப்படாத முதல் மெசேஜுக்குச் செல் 7 ஜூலை, 2026, 5:21:42 AMஜூலை 7 பெறுநர் வல்லமை,hiru thoazhamai 𝑨 𝑵𝒆𝒘𝒍𝒚 𝑫𝒊𝒔𝒄𝒐𝒗𝒆𝒓𝒆𝒅 𝑮𝒐𝒍𝒅 𝑹𝒊𝒏𝒈 𝒇𝒓𝒐𝒎 𝑻𝒉𝒂𝒊𝒍𝒂𝒏𝒅: 𝑨 𝑵𝒆𝒘 𝑪𝒉𝒂𝒑𝒕𝒆𝒓 𝒊𝒏 𝒕𝒉𝒆 2,000-𝒀𝒆𝒂𝒓 𝑯𝒊𝒔𝒕𝒐𝒓𝒚 𝒐𝒇 𝒕𝒉𝒆 𝑻𝒂𝒎𝒊𝒍𝒔 𝒊𝒏 𝑺𝒐𝒖𝒕𝒉𝒆𝒂𝒔𝒕 𝑨𝒔𝒊𝒂? Could an inscription in the Tamili script be found in Thailand? At firs…",full-text,seed,2026-10-09
40,2026-07-06,2026,சிவகங்கை அருகே கி.பி.13-ம் நூற்றாண்டை சேர்ந்த ஆசிரியம் கல்வெட்டு கண்டெடுப்பு,"கல்வெட்டு, தொல்லியல்","Inscription / Epigraphy, Archaeology / Excavation","கல்வெட்டு, கல்வெட்டுகள், தொல்லியல்",,etvbharat.com,India,Tamil,https://www.etvbharat.com/ta/state/archaeologist-discover-13th-century-asiriyam-inscription-near-sivaganga-tns26070603213,,"சிவகங்கை அருகே கி.பி.13-ம் நூற்றாண்டை சேர்ந்த ஆசிரியம் கல்வெட்டு கண்டெடுப்பு பாண்டிய நாட்டின் அரச பிரதிநிதியாக இருந்த எட்டி எரியன் என்பவரின் பெயரால் இந்த கல்வெட்டு பொறிக்கப்பட்டுள்ளதாக தொல்லியல் ஆய்வாளர் காளிராசா தெரிவித்தார். Published : July 6, 2026 at 4:58 PM IST சிவகங்கை: சிங்கத்தை சின்னமாக பொறி…",full-text,seed,2026-10-09
41,2026-06-02,2026,"Re: 2,000-year-old Tamil Brahmi-inscribed hero stone was found in Appanur village in Ramanathapuram.","கல்வெட்டு, நடுகல், தொல்லியல்","Inscription / Epigraphy, Hero stone / Memorial stone, Archaeology / Excavation","கல்வெட்டு, கல்வெட்டுகள், தமிழ் பிராமி, தமிழ்-பிராமி, inscription, inscriptions, inscribed, epigraphist, tamil-brahmi, tamil brahmi, நடுகல், hero stone, hero stones, hero-stone, archaeology",Tamil Nadu,groups.google.com,Other,Tamil,https://groups.google.com/g/thiru-thoazhamai/c/xgoJtBg3Qyw,,"15 பார்வைகள் படிக்கப்படாத முதல் மெசேஜுக்குச் செல் 2 ஜூன், 2026, 1:25:24 PMஜூன் 2 பெறுநர் வல்லமை,hiru thoazhamai On Tue, 2 Jun, 2026, 9:00 am seshadri ராமநாதபுரம் மாவட்டம், கமுதி அருகே உள்ள ஆப்பனூரில் 2000 ஆண்டுகள் பழமையான தமிழ்-பிராமி நடுகல்ஆபன்னூர் ஏறிய் மாண்டு வீழ்ந்த அத்தியன் கீரன் கல்3 வரிக் கல்…",full-text,seed,2026-10-09
42,2026-05-04,2026,"Nilgiris Rock Painting Site: Kotagiri Discovery, UPSC Notes - Anantam IAS","கல்வெட்டு, பாறை ஓவியம், தொல்லியல்","Inscription / Epigraphy, Rock art / Rock painting, Archaeology / Excavation","inscriptions, inscribed, rock art, rock painting, rock paintings, rock-art, rock shelter, archaeology, archaeological, megalithic","Tamil Nadu, Kerala, Karnataka, Andhra / Telangana",anantamias.com,Other,English/Other,https://anantamias.com/current-affairs/nilgiris-rock-painting-site/,,"A weathered granite overhang in the Nilgiris just gave up a secret it had been keeping for several thousand years. In late April 2026, a survey team operating near Kotagiri in Tamil Nadu documented what they’re calling a significant new Nilgiris Rock Painting site, with red ochre figures of human da…",full-text,seed,2026-10-09
43,2026-04-13,2026,திருப்பூரில் தமிழ்-பிராமி கல்வெட்டு கண்டுபிடிப்பு - Current Affairs Usthadian Academy,"கல்வெட்டு, நடுகல், தொல்லியல்","Inscription / Epigraphy, Hero stone / Memorial stone, Archaeology / Excavation","கல்வெட்டு, தமிழ் பிராமி, தமிழ்-பிராமி, நடுகல், நடுகல்லு, தொல்லியல், தொல்லியல் துறை, அகழாய்வு, பெருங்கற்கால",,usthadian.com,Other,Tamil,https://www.usthadian.com/ta/tamil-brahmi-inscription-found-in-tiruppur-ta/,,"குமரிக்கல் பாளையத்தில் கண்டுபிடிப்பு திருப்பூர் மாவட்டத்தில் உள்ள குமரிக்கல் பாளையத்தில், இந்தியத் தொல்லியல் துறை (ASI) ஒரு குறிப்பிடத்தக்க தொல்லியல் கண்டுபிடிப்பை நிகழ்த்தியுள்ளது. அங்கு மேற்கொள்ளப்பட்ட அகழாய்வின் போது, தமிழ்–பிராமி கல்வெட்டு பொறிக்கப்பட்ட ஒரு பானை ஓடு கண்டெடுக்கப்பட்டது. இக்கல்வெட…",full-text,seed,2026-10-09
44,2026-03-17,2026,Keeladi excavation to resume as ASI clears 8 sites in Tamil Nadu,தொல்லியல்,Archaeology / Excavation,"archaeology, archaeological, archaeological excavations, keeladi, tnsda",Tamil Nadu,thenewsminute.com,India,English/Other,https://www.thenewsminute.com/tamil-nadu/keeladi-excavation-to-resume-as-asi-clears-8-sites-in-tamil-nadu,,Tamil Nadu Keeladi excavation to resume as ASI clears 8 sites in Tamil Nadu Tamil Nadu had first sought permission in July 2025 after the sites were announced in the state Budget for 2025–26 by Finance Minister Thangam Thennarasu. The Archaeological Survey of India (ASI) has granted permission to th…,full-text,seed,2026-10-09
45,2026-03-11,2026,கோவையின் குமிட்டிபதி பாறை கலை - Current Affairs Usthadian Academy,"பாறை ஓவியம், தொல்லியல்","Rock art / Rock painting, Archaeology / Excavation","பாறை ஓவியங்கள், தொல்பொருள்","Tamil Nadu, Kerala",usthadian.com,Other,Tamil,https://www.usthadian.com/ta/kumittipathi-rock-art-of-coimbatore-ta/,,கண்டுபிடிப்பு மற்றும் இருப்பிடம் குமிட்டிபதி பாறை கலை தளம் தமிழ்நாட்டின் கோயம்புத்தூர் மாவட்டத்தில் உள்ள குமிட்டிபதி கிராமத்தில் அமைந்துள்ளது. இந்த ஓவியங்கள் மதுக்கரை அருகே உள்ள பதிமலை மலையில் காணப்படும் இரண்டு இயற்கை குகைகளுக்குள் அமைந்துள்ளன. இந்த இடம் தமிழ்நாடு–கேரள எல்லைக்கு அருகில் உள்ளது. தொல்…,full-text,seed,2026-10-09
46,2026-02-13,2026,Tamil Brahmi Inscriptions in Egypt | ClearIAS,"கல்வெட்டு, தொல்லியல்","Inscription / Epigraphy, Archaeology / Excavation","inscription, inscriptions, tamil-brahmi, tamil brahmi, archaeological, korkai, arikamedu","Tamil Nadu, Puducherry, Egypt, China",clearias.com,Other,English/Other,https://www.clearias.com/tamil-brahmi-inscriptions-in-egypt/,,"The Discovery of a Tamil Brahmi Inscription in Egypt’s Valley of the Kings sheds new light on the Ancient Trade of India. Read here to learn more. Recent discoveries of nearly 30 inscriptions in Tamil Brahmi, Prakrit, and Sanskrit in Egypt’s Valley of the Kings have opened a fascinating new chapter …",full-text,seed,2026-10-09
47,2026-02-13,2026,எகிப்தில் 2000 ஆண்டுகள் பழமையான தமிழ் கல்வெட்டுக்கள் கண்டுபிடிப்பு,கல்வெட்டு,Inscription / Epigraphy,"கல்வெட்டு, கல்வெட்டுகள், கல்வெட்டுக்கள், தமிழ் பிராமி, தமிழ்-பிராமி",Egypt,dinamalar.com,India,Tamil,https://www.dinamalar.com/news/latest-tamil-news/2000-year-old-tamil-inscriptions-discovered-in-egypt/4149981,,"எகிப்தில் 2000 ஆண்டுகள் பழமையான தமிழ் கல்வெட்டுக்கள் கண்டுபிடிப்பு ADDED : பிப் 13, 2026 07:03 AM எகிப்து நாட்டில் பிரமிடுகளில் உள்ள மன்னர்களின் கல்லறைகளில், 2000 ஆண்டுகள் பழமையான, தமிழ் - பிராமி எழுத்துக்கள் பொறிக்கப்பட்ட கல்வெட்டுக்கள் கண்டுபிடிக்கப்பட்டுள்ளன. இதன் மூலம் 2000 ஆண்டுகளுக்கு முன்பே, …",full-text,seed,2026-10-09
48,2026-02-12,2026,"Tamil-Brahmi inscriptions found in 2,000-yr-old Egyptian royal tombs!","கல்வெட்டு, நடுகல், தொல்லியல்","Inscription / Epigraphy, Hero stone / Memorial stone, Archaeology / Excavation","inscription, inscriptions, epigraphy, tamil-brahmi, tamil brahmi, hero stones, archaeology, archaeological","Tamil Nadu, Egypt",madhyamamonline.com,Other,English/Other,https://madhyamamonline.com/amp/world/tamil-brahmi-inscriptions-found-in-2000-yr-old-egyptian-royal-tombs-1494312,,"Tamil-Brahmi inscriptions found in 2,000-yr-old Egyptian royal tombs! Chennai: In a discovery that rewrites the maritime history of ancient India, researchers have identified 2,000-year-old Tamil-Brahmi inscriptions inside the high-security royal tombs of the valley of the Kings in Egypt, PTI report…",full-text,seed,2026-10-09
49,2026-02-12,2026,எகிப்து பிரமிடு கல்லறைகளில் தமிழ்-பிராமி எழுத்துக்கள் பொறிக்கப்பட்ட 2000 ஆண்டுகள் பழமையான கல்வெட்டுகள் கண்டுபிடிப்பு!! - Dinakaran - Dinakaran,கல்வெட்டு,Inscription / Epigraphy,"கல்வெட்டு, கல்வெட்டுகள், தமிழ் பிராமி, தமிழ்-பிராமி, கல்வெட்டியல்",Egypt,dinakaran.com,India,Tamil,https://www.dinakaran.com/news/egypt-tamil-brahmi-script-2000-years-ancient-inscription/amp,,எகிப்து பிரமிடு கல்லறைகளில் தமிழ்-பிராமி எழுத்துக்கள் பொறிக்கப்பட்ட 2000 ஆண்டுகள் பழமையான கல்வெட்டுகள் கண்டுபிடிப்பு!! கெய்ரோ: எகிப்து பிரமிடு கல்லறைகளில் தமிழ்-பிராமி எழுத்துக்கள் பொறிக்கப்பட்ட 2000 ஆண்டுகள் பழமையான கல்வெட்டுகள் கண்டுபிடிக்கப்பட்டுள்ளது. சுவிட்சர்லாந்து மற்றும் பிரான்ஸ் ஆய்வாளர்கள்…,full-text,seed,2026-10-09
50,2026-01-19,2026,வாணியம்பாடி அருகே 800 ஆண்டுகள் பழமை வாய்ந்த நடுகல் கண்டுபிடிப்பு,நடுகல்,Hero stone / Memorial stone,நடுகல்,Andhra / Telangana,etvbharat.com,India,Tamil,https://www.etvbharat.com/ta/state/an-800-year-old-hero-stone-has-been-discovered-near-vaniyambadi-tamil-nadu-news-tns26011902838,,"வாணியம்பாடி அருகே 800 ஆண்டுகள் பழமை வாய்ந்த நடுகல் கண்டுபிடிப்பு இந்த நடுகல், போரில் வீர மரணம் அடைந்த ஒருவருக்காக வைக்கப்பட்டதாக இருக்கும் என பேராசிரியர் பிரபு குழுவினர் தெரிவித்தனர். Published : January 19, 2026 at 5:21 PM IST திருப்பத்தூர்: வாணியம்பாடி அருகே 800 ஆண்டுகள் பழமை வாய்ந்த நடுகல் கண்டறி…",full-text,seed,2026-10-09
51,2026-01-04,2026,"கல்பட்டு கிராமத்தில் சோழர் கால கல்வெட்டு, விநாயகர் சிற்பம் கண்டெடுப்பு",கல்வெட்டு,Inscription / Epigraphy,"கல்வெட்டு, கல்வெட்டுகள், கல்வெட்டுக்கள், கல்வெட்டு ஆய்வாளர்",Sri Lanka,etvbharat.com,India,Tamil,https://www.etvbharat.com/ta/state/a-chola-era-inscription-has-been-discovered-in-kalpattu-village-near-villupuram-tamil-nadu-news-tns26010401507,,"கல்பட்டு கிராமத்தில் சோழர் கால கல்வெட்டு, விநாயகர் சிற்பம் கண்டெடுப்பு கலைநயத்துடன் காணப்படும் விநாயகர் சிற்பம் கி.பி.10-ஆம் நூற்றாண்டை சேர்ந்தவையாக இருக்கும் என கணக்கிடப்பட்டுள்ளது. Published : January 4, 2026 at 3:26 PM IST விழுப்புரம்: கல்பட்டு கிராமத்தில் சோழர் கால கல்வெட்டுகள் மற்றும் விநாயகர் …",full-text,seed,2026-10-09
52,2026-01-04,2026,திருவண்ணாமலை அருகே சோழர் கால ஊற்றுக் கல்வெட்டு கண்டெடுப்பு,"கல்வெட்டு, தொல்லியல்","Inscription / Epigraphy, Archaeology / Excavation","கல்வெட்டு, தொல்லியல், தொல்லியல் துறை",,dailythanthi.com,India,Tamil,https://www.dailythanthi.com/news/tamilnadu/chola-period-spring-inscription-discovered-near-tiruvannamalai-1198635,,"தமிழக செய்திகள் திருவண்ணாமலை அருகே சோழர் கால ஊற்றுக் கல்வெட்டு கண்டெடுப்பு திருவண்ணாமலை அருகே 12-ம் நூற்றாண்டைச் சேர்ந்த சோழர் கால ஊற்றுக் கல்வெட்டு கண்டெடுக்கப்பட்டுள்ளது. திருவண்ணாமலை மாவட்ட வரலாற்று ஆய்வு நடுவத்தைச் சேர்ந்த ச.பாலமுருகன், சி.பழனிசாமி, ம.பாரதிராஜா, ஓவியர் சிவக்குமார் ஆகியோர் கொண்ட …",full-text,seed,2026-10-09
53,2025-10-18,2025,சோழர் கால கல்வெட்டுகள் தமிழகத்தில் மீண்டும் கண்டுபிடிக்கப்பட்டுள்ளன - Current Affairs Usthadian Academy,"கல்வெட்டு, தொல்லியல்","Inscription / Epigraphy, Archaeology / Excavation","கல்வெட்டு, கல்வெட்டுகள், வட்டெழுத்து, கிரந்த எழுத்து, தொல்லியல், தொல்லியல் துறை, தொல்பொருள்",Tamil Nadu,usthadian.com,Other,Tamil,https://www.usthadian.com/ta/chola-era-inscriptions-rediscovered-in-tamil-nadu-ta/,,"தேரிழந்தூரில் கண்டுபிடிப்பு தமிழ்நாட்டின் மயிலாடுதுறை மாவட்டம் தேரிழந்தூரில் அமைந்துள்ள வரலாற்றுச் சிறப்புமிக்க வேதபுரீஸ்வரர் சிவன் கோயிலில் உள்ள 10 சோழர் கால கல்வெட்டுகளை இந்திய தொல்லியல் துறை (ASI) சமீபத்தில் ஆவணப்படுத்தியுள்ளது. இந்தக் கல்வெட்டுகள் சோழப் பேரரசின் போது கோயில் நிர்வாகம், அரச கொடைகள…",full-text,seed,2026-10-09
54,2025-10-02,2025,கேள்விக்குறியான பூலாங்குறிச்சி கல்வெட்டின் பாதுகாப்பு! நடவடிக்கை எடுக்குமா தமிழக அரசு?,"கல்வெட்டு, தொல்லியல்","Inscription / Epigraphy, Archaeology / Excavation","கல்வெட்டு, கல்வெட்டுகள், வட்டெழுத்து, தொல்லியல், தொல்லியல் துறை",,etvbharat.com,India,Tamil,https://www.etvbharat.com/ta/!state/archaeologists-demand-preserve-the-kalabhra-era-pulankurichi-inscription-tamil-nadu-news-tns25100203621,,"கேள்விக்குறியான பூலாங்குறிச்சி கல்வெட்டின் பாதுகாப்பு! நடவடிக்கை எடுக்குமா தமிழக அரசு? கி.பி.5ஆம் நூற்றாண்டை சேர்ந்த பூலாங்குறிச்சி கல்வெட்டுகளை பாதுகாக்க நடவடிக்கை எடுக்க வேண்டும் என்று தொல்லியல் ஆர்வலர்கள் கோரிக்கை வைத்துள்ளனர். Published : October 2, 2025 at 9:04 PM IST சிவகங்கை: தொல்லியல் துறையா…",full-text,seed,2026-10-09
55,2025-08-01,2025,"மதுரை அருகே பிற்கால பாண்டியர் கால கல்வெட்டு, சிதைந்த கோயில் கண்டுபிடிப்பு","கல்வெட்டு, தொல்லியல்","Inscription / Epigraphy, Archaeology / Excavation","கல்வெட்டு, தொல்லியல், தொல்லியல் துறை",,m.dinakaran.com,India,Tamil,https://m.dinakaran.com/article/News_Detail/719079,,"மதுரை: மதுரை அருகே வில்லூர் பகுதியில் உள்ள போத்தநதி என்ற ஊரில் கி.பி.13ம் நூற்றாண்டை சேர்ந்த பிற்கால பாண்டியர் கால தமிழ்க் கல்வெட்டு மற்றும் சிதைந்த கோயில் கண்டுபிடிக்கப்பட்டுள்ளது. போத்தநதி பஞ்சாயத்து தலைவர் விநாயகமூர்த்தி, தங்கள் ஊரில் பழமையான கோயில் இருப்பதாக கொடுத்த தகவலின் பேரில், மதுரையை சேர்ந…",full-text,seed,2026-10-09
56,2025-06-25,2025,ஏலகிரி மலைச்சரிவில் இரும்புக்கால மக்களின் பாறை ஓவியங்கள் கண்டுபிடிப்பு - Dinakaran - Dinakaran,"பாறை ஓவியம், தொல்லியல்","Rock art / Rock painting, Archaeology / Excavation","பாறை ஓவியங்கள், பாறை ஓவியத், தொல்லியல்",Tamil Nadu,dinakaran.com,India,Tamil,https://www.dinakaran.com/rock-paintings-iron-age-people-discovered-yelagiri/,,*5 ஆயிரம் ஆண்டுகள் பழமையானவை ஜோலார்பேட்டை : ஏலகிரி மலைச்சரிவில் சுமார் 5 ஆண்டுகள் பழமையான இரும்புக்கால மக்களின் பாறை ஓவியங்கள் கண்டறியப்பட்டுள்ளது. திருப்பத்தூர் மாவட்டத்தில் சுற்றுலாத்தலமாக விளங்கும் ஏலகிரி மலைச்சரிவில் திருப்பத்தூர் தூய நெஞ்சக்கல்லூரி தமிழ்த்துறை பேராசிரியரும் தொல்லியல் வரலாற்றியல…,full-text,seed,2026-10-09
57,2025-04-25,2025,திண்டுக்கல் அருகே 12ம் நூற்றாண்டு வீரன் நடுகல் கண்டுபிடிப்பு - Dinakaran - Dinakaran,நடுகல்,Hero stone / Memorial stone,நடுகல்,,dinakaran.com,India,Tamil,https://www.dinakaran.com/dindigul-12th-century-center-stone-discovery/,,"திண்டுக்கல் : திண்டுக்கல் அருகே நடந்த வரலாற்று குழு ஆய்வில் 12ம் நூற்றாண்டு வீரன் நடுகல் கண்டுபிடிக்கப்பட்டுள்ளது. திண்டுக்கல் அருகே அழகுபட்டி மாலைகோவில்பட்டி பகுதியில் வரலாற்று குழு ஆய்வாளர் விஸ்வநாததாஸ், வரலாற்று மாணவர் ரத்தினமுரளிதர், வரலாற்று ஆர்வலர்கள் சந்திரசேகர், உமா மகேஸ்வரன், பெருமாள் சாமி …",full-text,seed,2026-10-09
58,2025-04-02,2025,விழுப்புரம்: 1300 ஆண்டுகள் பழைமைவாய்ந்த பல்லவர் காலத்து சிற்பங்கள் கண்டெடுப்பு; ஆய்வாளர் சொல்வதென்ன?,தொல்லியல்,Archaeology / Excavation,"தொல்லியல், தொல்லியல் துறை",Tamil Nadu,vikatan.com,India,Tamil,https://www.vikatan.com/spiritual/1300-years-old-sculptures-found-near-villupuram,,"Open App விழுப்புரம்: 1300 ஆண்டுகள் பழைமைவாய்ந்த பல்லவர் காலத்து சிற்பங்கள் கண்டெடுப்பு; ஆய்வாளர் சொல்வதென்ன? ``பொதுவாக பல்லவர் காலத்து சிற்பங்களின் முருகன் குழந்தை வடிவமான சோமஸ்கந்தராக அருள் பாலிப்பார். ஆனால் இவற்றில் சற்றே வளர்ந்த வாலிபர் முருகனாக காட்சியளிக்கிறார்."" - ஆய்வாளர் செங்குட்டுவன் விழுப…",full-text,seed,2026-10-09
59,2025-03-14,2025,Tamil Nadu to launch excavations in seven new locations; to build three new museums,தொல்லியல்,Archaeology / Excavation,"archaeology, archaeological, archaeological excavations, keeladi, kodumanal","Tamil Nadu, Karnataka, Andhra / Telangana",deccanherald.com,India,English/Other,https://www.deccanherald.com/amp/story/india%2Ftamil-nadu%2Ftamil-nadu-to-launch-excavations-in-seven-new-locations-to-build-three-new-museums-3446992,,"Last Updated IST Chennai: Continuing with its efforts to establish the antiquity of Tamil culture, the Tamil Nadu government on Friday announced the launch of archaeological excavations in seven new locations this year even as the digging at the Sangam-era site of Keeladi will enter its 11th phase. …",full-text,seed,2026-10-09
60,2025-01-06,2025,Kedah Tua: An archaeological marvel and wonderland - Twentytwo13,"கல்வெட்டு, தொல்லியல்","Inscription / Epigraphy, Archaeology / Excavation","inscriptions, archaeological","Thailand, Malaysia, Indonesia, China",twentytwo13.my,Malaysia,English/Other,https://twentytwo13.my/kedah-tua-an-archaeological-marvel-and-wonderland/,,"Kedah Tua, an ancient Hindu/Buddhist settlement on the coastal areas around Sungai Merbok in the Bujang Valley, is an archaeological treasure that has not been given its due as a significant part of the history of Tanah Melayu. It has, however, been left to recede into the recesses of public conscio…",full-text,seed,2026-10-09
61,2024-10-23,2024,மப்பேடு கோயிலில் கண்டெடுக்கப்பட்ட செப்பேடுகளை தொல்லியல் துறையினர் ஆய்வு: ஆவணங்களை சேகரித்து எடுத்துச் சென்றனர் - Dinakaran,"கல்வெட்டு, தொல்லியல்","Inscription / Epigraphy, Archaeology / Excavation","கல்வெட்டு, செப்பேடு, செப்பேடுகள், தொல்லியல், தொல்லியல் துறை",,dinakaran.com,India,Tamil,https://www.dinakaran.com/mappedutemple_seppedu_departmentofarchaeology_survey/,,"மப்பேடு கோயிலில் கண்டெடுக்கப்பட்ட செப்பேடுகளை தொல்லியல் துறையினர் ஆய்வு: ஆவணங்களை சேகரித்து எடுத்துச் சென்றனர் திருவள்ளூர்: மப்பேடு கோயிலில் கண்டெடுக்கப்பட்ட செப்பேடுகளை தொல்லியல் துறையின் கல்வெட்டு பிரிவு ஆய்வாளர்கள் நேரில் ஆய்வு மேற்கொண்டனர். திருவள்ளூர் மாவட்டம், மப்பேட்டில் ஆதித்த கரிகால சோழனால்…",full-text,seed,2026-10-09
62,2024-10-22,2024,திருவள்ளூர் அருகே உள்ள கோயிலில் விஜயநகர பேரரசு காலத்திலான இரு செப்பேடுகள் கண்டெடுப்பு: தொல்லியல் துறையினர் ஆய்வு செய்யவிருப்பதாக தகவல் - Dinakaran - Dinakaran,"கல்வெட்டு, தொல்லியல்","Inscription / Epigraphy, Archaeology / Excavation","கல்வெட்டு, செப்பேடு, செப்பேடுகள், தொல்லியல், தொல்லியல் துறை",Karnataka,dinakaran.com,India,Tamil,https://www.dinakaran.com/tiruvallur_vijayanagara_empire_cheppedus_info/,,திருவள்ளூர் அருகே உள்ள கோயிலில் விஜயநகர பேரரசு காலத்திலான இரு செப்பேடுகள் கண்டெடுப்பு: தொல்லியல் துறையினர் ஆய்வு செய்யவிருப்பதாக தகவல் திருவள்ளூர்: திருவள்ளூர் அருகே உள்ள பழமையான கோயிலில் விஜயநகர பேரரசு காலத்திலான இரு செப்பேடுகள் கண்டெடுக்கப்பட்டன. இதனை தொல்லியல் துறையினர் ஆய்வு செய்யவிருப்பதாக தகவல…,full-text,seed,2026-10-09
63,2024-08-14,2024,"Hero stones reveal lifestyle of ancient Tamils, says expert","கல்வெட்டு, நடுகல், தொல்லியல்","Inscription / Epigraphy, Hero stone / Memorial stone, Archaeology / Excavation","inscribed, vattezhuthu, hero stone, hero stones, hero-stone, nadukal, archaeology",Tamil Nadu,thehindu.com,India,English/Other,https://www.thehindu.com/news/cities/Madurai/hero-stones-reveal-lifestyle-of-ancient-tamils-says-expert/article68524145.ece,,"The American College, in association with Government Museum in Madurai, organised a seminar-cum-exhibition on the culture of ‘Nadukal,’ (hero stone) here on Wednesday. The event, which was an initiative of the Art, Culture and Heritage Forum of the college, focused on the hero stone practices follow…",full-text,gdelt,2026-10-09
64,2024-06-27,2024,கீழடி 10ம் கட்ட அகழாய்வில் கிடைத்த தமிழி பானை ஓடு,தொல்லியல்,Archaeology / Excavation,"தொல்லியல், தொல்லியல் துறை, அகழாய்வு, கீழடி",,dinamalar.com,India,Tamil,https://www.dinamalar.com/news/tamil-nadu-news/-a-tamil-pottery-found-in-the-10th-phase-of-the-excavation---/3658054,,"உள்ளடக்கத்திற்கு செல்ல கீழடி 10ம் கட்ட அகழாய்வில் கிடைத்த 'தமிழி' பானை ஓடு கீழடி 10ம் கட்ட அகழாய்வில் கிடைத்த 'தமிழி' பானை ஓடு ADDED : ஜூன் 27, 2024 01:34 AM அ நிறம் | அளவு கீழடி: கீழடியில் 10ம் கட்ட அகழாய்வு கடந்த 18ம் தேதி துவங்கியது. தொல்லியல் துறை கீழடி அகழாய்வு தள இயக்குனர் ரமேஷ், இணை இயக்குனர்…",full-text,seed,2026-10-09
65,2024-06-26,2024,சிவகங்கை: கீழடியில் தமிழி எழுத்துடன் கூடிய பானை ஓடு கண்டெடுப்பு - நிகழ்வுகளின் நிஜங்கள்,தொல்லியல்,Archaeology / Excavation,"தொல்லியல், தொல்லியல் துறை, அகழாய்வு, தொல்பொருட்கள், கீழடி",,lemooriyanews.com,India,Tamil,https://lemooriyanews.com/sivagangai-discovery-of-pottery-with-tamil-inscription-on-bottom/news/,https://web.archive.org/web/2/https://lemooriyanews.com/sivagangai-discovery-of-pottery-with-tamil-inscription-on-bottom/news/,"திருப்புவனம்: கீழடியில் அகழாய்வில் தமிழி எழுத்துடன் கூடிய பானை ஓடு கண்டெடுக்கப்பட்டுள்ளது. சிவகங்கை மாவட்டம் திருப்புவனம் அருகே கீழடியில் நடைபெற்ற அகழாய்வு மூலம் 2,600 ஆண்டுகளுக்கு முந்தைய நகர நாகரிகம் இருப்பது கண்டறியப்பட்டது. ஏற்கெனவே 9 கட்ட அகழாய்வு பணிகள் மூலம் பல ஆயிரம் தொல்பொருட்கள் கண்டெடுக்க…",full-text,seed,2026-10-09
66,2024-05-02,2024,Labourers Honored with Hero Stone by Tamil Nadu Minister Stalin | Chennai News - Times of India,நடுகல்,Hero stone / Memorial stone,"hero stone, hero stones, hero-stone","Tamil Nadu, Thailand, Myanmar",timesofindia.indiatimes.com,India,English/Other,https://timesofindia.indiatimes.com/city/chennai/labourers-honored-with-hero-stone-by-tamil-nadu-minister-stalin/articleshow/109764902.cms,,"- News - City News - chennai News - Even labourers worthy of hero stones: Stalin Trending This story is from May 2, 2024 Tamil Nadu minister for transport S S Sivasankar participated. In his post on X, chief minister M K Stalin said it was the tradition of Tamils to erect hero stones to hail heroes.…",full-text,gdelt,2026-10-09
67,2024-04-12,2024,A hero stone for Tamils in Thailand | Chennai News - Times of India,நடுகல்,Hero stone / Memorial stone,"hero stone, hero stones, hero-stone","Thailand, Myanmar",timesofindia.indiatimes.com,India,English/Other,https://timesofindia.indiatimes.com/city/chennai/a-hero-stone-for-tamils-in-thailand/articleshow/109227027.cms,,"- News - City News - chennai News - A hero stone for Tamils in Thailand Trending This story is from April 12, 2024 Tamils in Thailand erected a hero stone to honor those who died building the Thailand-Burma Railway line during WWII. The stone, the first of its kind outside the country, commemorates …",full-text,gdelt,2026-10-09
68,2024-04-11,2024,தஞ்சை அருகே 1000 ஆண்டு பழமையான சோழர் கால கல்வெட்டுகள் கண்டெடுப்பு: நீர்நிலை பெயர் இடம் பெற்றுள்ளது - Dinakaran - Dinakaran,கல்வெட்டு,Inscription / Epigraphy,"கல்வெட்டு, கல்வெட்டுகள்",,dinakaran.com,India,Tamil,https://www.dinakaran.com/1000yearold-cholainscriptions-tanjore-waterbodyfound/,,"தஞ்சாவூர்: தஞ்சை அருகே 1000 ஆண்டுகள் பழமையான சோழர் கால கல்வெட்டுகள் கண்டுபிடிக்கப்பட்டது. தஞ்சாவூர் மாவட்டம் பாபநாசம் வட்டம் ராஜகிரியை சேர்ந்த தர்மராஜ் வயலில் உள்ள ஒரு கல்லில் எழுத்துகள் காணப்படுவதாக அவ்வூரை சார்ந்த ராமபாரதி, விக்னேஷ்வரன் மற்றும் கார்த்திகேயன் ஆகியோர் தகவல் கொடுத்தனர். அதன்பேரில் தஞ…",full-text,seed,2026-10-09
69,2024-04-06,2024,அரூர் அருகே 1400 ஆண்டுகள் பழைய பல்லவர் கால நடுகல் கண்டெடுப்பு,"கல்வெட்டு, நடுகல், தொல்லியல்","Inscription / Epigraphy, Hero stone / Memorial stone, Archaeology / Excavation","கல்வெட்டு, கல்வெட்டுகள், வட்டெழுத்து, நடுகல், நடுகற்கள், தொல்லியல், தொல்லியல் துறை",Tamil Nadu,groups.google.com,Other,Tamil,https://groups.google.com/g/thiru-thoazhamai/c/68--GeGeM08,,"5 பார்வைகள் படிக்கப்படாத முதல் மெசேஜுக்குச் செல் 6 ஏப்., 2024, 8:12:06 PM6/4/24 பெறுநர் வல்லமை,hiru thoazhamai தருமபுரி: தருமபுரி மாவட்டம் அருர் வட்டத்திற்குட்பட்ட ஆலம்பாடி என்ற கிராமத்தில் திருவண்ணாமலை மாவட்ட வரலாற்று ஆய்வு நடுவத்தைச் சேர்ந்த ச.பாலமுருகன், சி.பழனிச்சாமி, சிற்றிங்கூர் ராஜா, தண்டராம்…",full-text,seed,2026-10-09
70,2024-02-19,2024,Restoration of hero stones near Sathanur dam in Tiruvannamalai underway to promote local history,"கல்வெட்டு, நடுகல், தொல்லியல்","Inscription / Epigraphy, Hero stone / Memorial stone, Archaeology / Excavation","inscriptions, hero stone, hero stones, hero-stone, archaeology",Tamil Nadu,thehindu.com,India,English/Other,https://www.thehindu.com/news/national/tamil-nadu/restoration-of-hero-stones-near-sathanur-dam-in-tiruvannamalai-underway-to-promote-local-history/article67860655.ece,,"Decades ago, a pile of five large rectangular-sized granite stones near Sathanur dam in Tiruvannamalai were used as slabs to wash clothes by women in the village before the Tamil Nadu State Archaeology Department overturned them and found they were hero stones dating back to Pallava period of 7th ce…",full-text,gdelt,2026-10-09
71,2024-01-29,2024,"Know Your City: Stone commemorating an ancient hero of Hebbal, over 12 centuries later","கல்வெட்டு, நடுகல்","Inscription / Epigraphy, Hero stone / Memorial stone","inscription, inscriptions, epigraphist, hero stone, hero-stone",,indianexpress.com,India,English/Other,https://indianexpress.com/article/cities/bangalore/know-your-city-stone-commemorating-an-ancient-hero-of-hebbal-over-12-centuries-later-9132299/,https://web.archive.org/web/2/https://indianexpress.com/article/cities/bangalore/know-your-city-stone-commemorating-an-ancient-hero-of-hebbal-over-12-centuries-later-9132299/,"Know Your City: Stone commemorating an ancient hero of Hebbal, over 12 centuries later An inscription at the Nageshvara Temple in Begur refers to a battle fought in Bengaluru sometime around 890 AD. When one thinks of the earliest residents of Bengaluru, the name of Kempe Gowda pops up immediately. …",full-text,gdelt,2026-10-09
72,2024-01-10,2024,Udaya Kumar digs deep into Bengaluru’s ancient past,"கல்வெட்டு, நடுகல், பாறை ஓவியம், தொல்லியல்","Inscription / Epigraphy, Hero stone / Memorial stone, Rock art / Rock painting, Archaeology / Excavation","inscription, inscriptions, hero stones, rock art, rock-art, archaeologist, megalithic",,thehindu.com,India,English/Other,https://www.thehindu.com/incoming/udaya-kumar-digs-deep-into-bengalurus-prehistoric-past/article67723050.ece,,"P.L. Udaya Kumar shares a photograph of a group of saree-clad women scientists at ISRO celebrating the successful landing of India’s Chandrayaan-3, and says, “This photo is making the rounds of the world.” Asks the passionate citizen historian and heritage conservationist at the inaugural event of T…",full-text,gdelt,2026-10-09
73,2023-08-28,2023,வேடசந்தூர் அருகே 17ம் நூற்றாண்டு நடுகல் கண்டுபிடிப்புவேடசந்தூர் அருகே 17ம் நூற்றாண்டு நடுகல் கண்டுபிடிப்பு - Dinakaran,நடுகல்,Hero stone / Memorial stone,நடுகல்,,dinakaran.com,India,Tamil,https://www.dinakaran.com/vedasandur-17th-century-middle-stone-discovery/,https://web.archive.org/web/2/https://www.dinakaran.com/vedasandur-17th-century-middle-stone-discovery/,"திண்டுக்கல் : வேடசந்தூர் அருகே 17ம் நூற்றாண்டைச் சேர்ந்த நடுகல் மற்றும் ஆயிரம் ஆண்டுகளுக்கு முற்பட்ட மழை மானி கண்டுபிடிக்கப்பட்டது. திண்டுக்கல் வேடசந்தூர்-ஈசநத்தம் ரோட்டில் சங்கர்னாபட்டி அருகில் உள்ள குளக்கரையில் திண்டுக்கல் வரலாற்று ஆய்வு குழுவின் விஸ்வநாததாஸ், வரலாற்று மாணவர் ரத்தின முரளிதர் மற்று…",full-text,seed,2026-10-09
74,2023-06-13,2023,15th century hero stone of Vijayanagara era discovered at Vanavolu in SSS district,"கல்வெட்டு, நடுகல், தொல்லியல்","Inscription / Epigraphy, Hero stone / Memorial stone, Archaeology / Excavation","inscription, hero stone, hero stones, hero-stone, archeology","Karnataka, Andhra / Telangana",thehindu.com,India,English/Other,https://www.thehindu.com/news/national/andhra-pradesh/15th-century-hero-stone-of-vijayanagara-era-discovered-at-vanavolu-in-sss-district/article66964858.ece,,A rare hero stone belonging to the Vijayanagara dynasty dating back to 1405 Common Era (CE) has been discovered at Vanavolu village of Gorantla Mandal in Sri Sathya Sai district. Researcher in history Mynaa Swamy accidentally found the hero stone or ‘Veeragallu’ at the Ranganatha Swamy temple in the…,full-text,gdelt,2026-10-09
75,2023-04-29,2023,Krishnagiri Collector embarks on heritage walk seeking a place on tourism map,"நடுகல், தொல்லியல்","Hero stone / Memorial stone, Archaeology / Excavation","hero stone, hero stones, hero-stone, archeology, archeological","Tamil Nadu, Karnataka, Andhra / Telangana",thehindu.com,India,English/Other,https://www.thehindu.com/news/cities/Coimbatore/krishnagiri-collector-embarks-on-heritage-walk-seeking-a-place-on-tourism-map/article66792952.ece,,Kaanathakka Krishnagiri – a tourism initiative to map tourist spots was launched by Collector Deepak Jacob by embarking on a heritage/archeology walk of sorts to Mallasandram to wall graffiti and hero stone sites here on Saturday. With the stated objective of mapping the tourism potential of the dis…,full-text,gdelt,2026-10-09
76,2023-03-06,2023,மதுரையில் கி.பி. 16ஆம் நூற்றாண்டை சேர்ந்த தமிழ் நடுகல் சிற்பம் கண்டுபிடிப்பு,"கல்வெட்டு, நடுகல், தொல்லியல்","Inscription / Epigraphy, Hero stone / Memorial stone, Archaeology / Excavation","கல்வெட்டு, கல்வெட்டு ஆய்வாளர், நடுகல், தொல்லியல்",,etvbharat.com,India,Tamil,https://www.etvbharat.com/tamil/tamil-nadu/state/chennai/16th-century-sculpture-discovered-in-madurai/tamil-nadu20230306160654866866468,,மதுரையில் கி.பி. 16ஆம் நூற்றாண்டை சேர்ந்த தமிழ் நடுகல் சிற்பம் கண்டுபிடிப்பு மதுரை மாவட்டம் திருமங்கலம் அருகே கி.பி. 16ஆம் நூற்றாண்டை சேர்ந்த தமிழ் எழுத்து பொறிப்புகளுடன் கூடிய நடுகல் சிற்பம் ஒன்றை ஆய்வாளர்கள் கண்டுபிடித்துள்ளனர். மதுரை மாவட்டம் திருமங்கலம் அருகே கரடிக்கல் விவசாய நிலப் பகுதியில் 500…,full-text,seed,2026-10-09
77,2023-01-16,2023,9th century Chola era 'hero' stone unearthed in TN,"நடுகல், தொல்லியல்","Hero stone / Memorial stone, Archaeology / Excavation","hero stone, hero-stone, archeology, archeological",Tamil Nadu,prokerala.com,Other,English/Other,https://www.prokerala.com/news/articles/a1382173.html,https://web.archive.org/web/2/https://www.prokerala.com/news/articles/a1382173.html,"Chennai, Jan 16 : A Tamil history enthusiasts' group Thonman Varalatru Aaivu recently unearthed a rare 9th century Chola era 'hero' stone in Sindhapuri village near Harur in Tamil Nadu. Sources in the Archeological Survey of India (ASI) told IANS that the students of the Dharmapuri Arts College are …",full-text,gdelt,2026-10-09
78,2023-01-16,2023,9th century Chola era 'hero' stone unearthed in TN - INDIA New England News,"நடுகல், தொல்லியல்","Hero stone / Memorial stone, Archaeology / Excavation","hero stone, hero-stone, archeology, archeological",Tamil Nadu,indianewengland.com,Other,English/Other,https://indianewengland.com/9th-century-chola-era-hero-stone-unearthed-in-tn/,,9th century Chola era ‘hero’ stone unearthed in TN Chennai– A Tamil history enthusiasts’ group Thonman Varalatru Aaivu recently unearthed a rare 9th century Chola era ‘hero’ stone in Sindhapuri village near Harur in Tamil Nadu. Sources in the Archeological Survey of India (ASI) told IANS that the st…,full-text,gdelt,2026-10-09
79,2023-01-13,2023,Diehard fans write scripts for evergreen heroes in Coimbatore | Coimbatore News - Times of India,"கல்வெட்டு, நடுகல், தொல்லியல்","Inscription / Epigraphy, Hero stone / Memorial stone, Archaeology / Excavation","inscription, inscriptions, tamil-brahmi, tamil brahmi, hero stone, hero stones, hero-stone, nadukal, archaeology, archaeologist",Tamil Nadu,timesofindia.indiatimes.com,India,English/Other,https://timesofindia.indiatimes.com/city/coimbatore/diehard-fans-write-scripts-for-evergreen-heroes-in-coimbatore/articleshow/96953246.cms,,"- News - City News - coimbatore News - Diehard fans write scripts for evergreen heroes in Coimbatore Trending This story is from January 13, 2023 Ever since he met his âheroesâ in Coimbatore, Venkatesh Dhanapal has been turning down job offers that require him to move away from them. The techie firs…",full-text,gdelt,2026-10-09
80,2023-01-03,2023,300 ஆண்டுகளுக்கு முந்தைய நடுக்கல் கண்டுபிடிப்பு,நடுகல்,Hero stone / Memorial stone,"நடுகல், நடுகற்கள்",,dailythanthi.com,India,Tamil,https://www.dailythanthi.com/News/State/trembling-871416,,"தமிழக செய்திகள் 300 ஆண்டுகளுக்கு முந்தைய நடுக்கல் கண்டுபிடிப்பு குடிமேனஅள்ளியில் 300 ஆண்டுகளுக்கு முந்தைய நடுக்கல் கண்டுபிடிக்கப்பட்டுள்ளன. கள ஆய்வு கிருஷ்ணகிரி மாவட்டத்தில் அதிக நடுகற்கள் காணப்பட்டாலும், தென்பெண்ணை ஆற்றங்கரையில் அவை அதிகமாக உள்ளன. அதேபோல நடுகல் வழிபாடும் தற்போது வரையில் கிருஷ்ணகிரி…",full-text,seed,2026-10-09
81,2022-12-12,2022,ஓரியூரில் பாண்டியர் கால சூலக்கல் கல்வெட்டு கண்டுபிடிப்பு,"கல்வெட்டு, தொல்லியல்","Inscription / Epigraphy, Archaeology / Excavation","கல்வெட்டு, கல்வெட்டுகள், கல்வெட்டு ஆய்வாளர், தொல்லியல்",,nakkheeran.in,India,Tamil,https://www.nakkheeran.in/special-articles/special-article/discovery-pandian-stone-inscription-oriyur,,"ராமநாதபுரம் மாவட்டம் திருவாடானை அருகே ஓரியூரில் சுமார் 800 ஆண்டுகள் பழமையான பாண்டியர் கால சூலக்கல் கல்வெட்டு மாவட்டத்தில் முதன்முறையாக கண்டுபிடிக்கப்பட்டுள்ளது. திருவாடானை அருகில் ஓரியூர் கீழக்குடியிருப்பில் ஒரு கல்வெட்டு இருப்பதாக நாகணி ஆசிரியர் அர்ச்சுனன், ஓரியூர் கண்ணன் ஆகியோர் கொடுத்த தகவலின் பே…",full-text,seed,2026-10-09
82,2022-11-25,2022,"Great Heroes Day (Maaveerar Naal) was a Partisan Event Of, For and By the LTTE.",நடுகல்,Hero stone / Memorial stone,"hero stone, hero-stone","Tamil Nadu, Sri Lanka",dbsjeyaraj.com,Other,English/Other,https://dbsjeyaraj.com/dbsj/archives/75214,https://web.archive.org/web/2/https://dbsjeyaraj.com/dbsj/archives/75214,By D.B.S.Jeyaraj (This article written in 2021 is being reposted without any changes to denote the 33rd LTTE Great Heroes Day of 27 November 2022) ‘Maaveerar Naal’ or Great Heroes Day (GHD) is observed on 27 November by sections of Sri Lankan Tamils regarded as being generally supportive of the Tige…,full-text,gdelt,2026-10-09
83,2022-11-19,2022,"Keeladi museum 95% complete, to be inaugurated soon, says Minister","கல்வெட்டு, நடுகல், தொல்லியல்","Inscription / Epigraphy, Hero stone / Memorial stone, Archaeology / Excavation","inscriptions, hero stone, hero stones, hero-stone, archaeology, archaeological, archaeological excavations, keeladi, mayiladumparai",Tamil Nadu,thehindu.com,India,English/Other,https://www.thehindu.com/news/cities/Madurai/keeladi-museum-95-complete-to-be-inaugurated-soon-says-minister/article66158038.ece,,"Our culture celebrates not only kings, but warriors who emerge victorious in wars, martyr, even hens and loyal dogs, in forms of hero stones. They are worshipped in many parts of the State even today, said Minister for Industries, Tamil Culture and Archaeology Thangam Thennarasu on Saturday. He was …",full-text,gdelt,2026-10-09
84,2022-11-18,2022,Courtesy extended to strangers,நடுகல்,Hero stone / Memorial stone,"hero stone, hero-stone",Tamil Nadu,thehindu.com,India,English/Other,https://www.thehindu.com/society/faith/courtesy-extended-to-strangers/article66148333.ece,,"Tamil works like Thirukkural speak of ‘virundhombal’. This is the act of offering a meal to a stranger, said Malayaman in a discourse. Virundinar means a stranger who comes to one’s house. Extending a warm welcome to a stranger and offering him food was considered an estimable virtue in Tamil Nadu, …",full-text,gdelt,2026-10-09
85,2022-11-09,2022,Hero Stone With 10th Century Vattezhuthu Inscriptions Discovered In Dindigul Dist | Coimbatore News - The Times of India,"கல்வெட்டு, நடுகல், தொல்லியல்","Inscription / Epigraphy, Hero stone / Memorial stone, Archaeology / Excavation","inscriptions, vattezhuthu, hero stone, hero-stone, archaeological, megalithic",Tamil Nadu,timesofindia.indiatimes.com,India,English/Other,https://timesofindia.indiatimes.com/city/coimbatore/hero-stone-with-10th-century-vattezhuthu-inscriptions-discovered-in-dindigul-dist/articleshow/95390639.cms,,"- News - City News - coimbatore News - Hero stone with 10th century vattezhuthu inscriptions discovered in Dindigul district Trending This story is from November 9, 2022 A hero stone dating back to 10th century AD with vattezhuthu inscriptions was discovered at Ravimangalam village in Dindigul distr…",full-text,gdelt,2026-10-09
86,2022-06-24,2022,Ancient rock paintings identified in Tamilnadu - JournalsOfIndia,"பாறை ஓவியம், தொல்லியல்","Rock art / Rock painting, Archaeology / Excavation","rock art, rock paintings, rock-art, archaeological, megalithic","Tamil Nadu, Karnataka",journalsofindia.com,Other,English/Other,https://journalsofindia.com/ancient-rock-paintings-identified-in-tamilnadu/,https://web.archive.org/web/2/https://journalsofindia.com/ancient-rock-paintings-identified-in-tamilnadu/,"About the rock paintings- - The place where paintings have been identified is called Rukkal Muniyappan, is where a deity of Muneeswarar is located. - It is worshipped by tribal people, including the Sholagar, the Kurumbar and the Bedagampana Lingayat. - A rock, 30 feet high and 250 feet in length, h…",full-text,seed,2026-10-09
87,2022-04-25,2022,"விழுப்புரம் அருகே பல்லவர்கால மூத்ததேவி, லகுலீசர் சிற்பங்கள் கண்டெடுப்பு",கல்வெட்டு,Inscription / Epigraphy,"கல்வெட்டு, கல்வெட்டு ஆய்வாளர்",,dailythanthi.com,India,Tamil,https://www.dailythanthi.com/News/Districts/2022/04/25222753/Pallava-period-sculptures.vpf,,"மாவட்ட செய்திகள் விழுப்புரம் அருகே பல்லவர்கால மூத்ததேவி, லகுலீசர் சிற்பங்கள் கண்டெடுப்பு விழுப்புரம் அருகே பல்லவர் கால மூத்ததேவி மற்றும் லகுலீசர் சிற்பங்கள் கண்டறியப்பட்டுள்ளன. விழுப்புரம், விழுப்புரம் அருகே உள்ளது நன்னாடு கிராமம். இக்கிராமத்தில் விழுப்புரம் வரலாறு பண்பாட்டு பேரவையின் ஒருங்கிணைப்பாள…",full-text,seed,2026-10-09
88,2022-04-20,2022,Annur: Three Hero Stones Discovered Near Annur | Coimbatore News - Times of India,"கல்வெட்டு, நடுகல், தொல்லியல்","Inscription / Epigraphy, Hero stone / Memorial stone, Archaeology / Excavation","inscriptions, hero stone, hero stones, hero-stone, archaeological",,timesofindia.indiatimes.com,India,English/Other,https://timesofindia.indiatimes.com/city/coimbatore/three-hero-stones-discovered-near-annur/articleshow/90945997.cms,,"- News - City News - coimbatore News - Three hero stones discovered near Annur Trending This story is from April 20, 2022 A group of researchers has discovered three hero stones that could be dated back to 12th century AD near Annur in the district. Coimbatore: A group of researchers has discovered …",full-text,gdelt,2026-10-09
89,2022-03-08,2022,சின்னகொத்தூரில் பெண்ணின் நடுகல் கல்வெட்டு கண்டுபிடிப்பு,"கல்வெட்டு, நடுகல்","Inscription / Epigraphy, Hero stone / Memorial stone","கல்வெட்டு, நடுகல்",Tamil Nadu,maalaimalar.com,India,Tamil,https://www.maalaimalar.com/news/district/krishnagiri-news-discovery-of-a-womans-implant-inscription,,"உள்ளூர் செய்திகள் சின்னகொத்தூரில் பெண்ணின் நடுகல் கல்வெட்டு கண்டுபிடிப்பு கிருஷ்ணகிரி மாவட்டத்தில் பெண்ணின் நடுகல் கல்வெட்டு கண்டுபிடிப்பு வேப்பனப்பள்ளி: சின்னகொத்தூரில் நடுகல் கல்வெட்டு கண்டுபிடிக்கப் பட்டுள்ளது. கிருஷ்ணகிரி வரலாற்று ஆய்வு மற்றும் ஆவணப் படுத்தும் குழுவும், அரசு அருங்காட்சியகமும் இண…",full-text,seed,2026-10-09
90,2022-02-02,2022,புதுக்கோட்டை: பல ஆயிரம் ஆண்டுகள் பழைமையான பாறை ஓவியம்! தொல்லியல் ஆர்வலர்களால் கண்டுபிடிப்பு!,"பாறை ஓவியம், தொல்லியல்","Rock art / Rock painting, Archaeology / Excavation","பாறை ஓவியம், பாறை ஓவியங்கள், தொல்லியல்",Tamil Nadu,vikatan.com,India,Tamil,https://www.vikatan.com/arts/miscellaneous/ancient-rock-paintings-are-found-near-pudukottai,,"Open App புதுக்கோட்டை: பல ஆயிரம் ஆண்டுகள் பழைமையான பாறை ஓவியம்! தொல்லியல் ஆர்வலர்களால் கண்டுபிடிப்பு! ஓவியங்களின் பின்புறமுள்ள, சொர சொரப்பான பாறையின் மேல், ஒருவிதமான வழவழப்பான திரவம் பூசப்பட்டு, அதன்மேல் பளிச்சென்று தெரியும் வண்ணம் ஓவியங்கள் வரையப்பட்டிருக்கின்றன. புதுக்கோட்டை மாவட்டம், கீரனூர் அருக…",full-text,seed,2026-10-09
91,2022-01-27,2022,Nagaswamy and his passion for the past,"கல்வெட்டு, நடுகல், தொல்லியல்","Inscription / Epigraphy, Hero stone / Memorial stone, Archaeology / Excavation","inscription, inscriptions, epigraphy, epigraphist, tamil-brahmi, tamil brahmi, vattezhuttu, copper plate, copper-plate, hero stone, hero-stone, archaeology, archaeological, archaeologist, archaeological excavations, tnsda","Tamil Nadu, Puducherry",thehindu.com,India,English/Other,https://www.thehindu.com/society/history-and-culture/nagaswamy-and-his-passion-for-the-past/article38334709.ece,,"It was twilight of an evening 18 years ago. We were at the Kailasanatha temple in Kanchipuram, built by the Pallava king Rajasimha (regnal years 690 – 728 CE). Dr. R. Nagaswamy, dressed in white dhoti and shirt, pointed to an inscription on the temple’s front mantapa and broke into a story. “This is…",full-text,gdelt,2026-10-09
92,2022-01-25,2022,ஆனாங்கூர் பெருமாள் கோவிலில் சோழர் கால கல்வெட்டுகள் கண்டுபிடிப்பு,கல்வெட்டு,Inscription / Epigraphy,"கல்வெட்டு, கல்வெட்டுகள்",,maalaimalar.com,India,Tamil,https://www.maalaimalar.com/news/district/tamil-news-perumal-temple-discovery-chola-inscriptions,,உள்ளூர் செய்திகள் ஆனாங்கூர் பெருமாள் கோவிலில் சோழர் கால கல்வெட்டுகள் கண்டுபிடிப்பு ஆனாங்கூர் பெருமாள் கோவிலில் சோழர்கால கல்வெட்டுகள் கண்டறியப்பட்டுள்ளன. விழுப்புரம்: விழுப்புரம் அருகே உள்ள ஆனாங்கூர் பெருமாள் கோவிலில் சோழர்கால கல்வெட்டுகள் கண்டறியப்பட்டுள்ளன. இதனை விழுப்புரம் அறிஞர் அண்ணா அரசு கலைக்க…,full-text,seed,2026-10-09
93,2022-01-16,2022,Two hero stones with inscriptions discovered at Perumbalai in Dharmapuri,"கல்வெட்டு, நடுகல், தொல்லியல்","Inscription / Epigraphy, Hero stone / Memorial stone, Archaeology / Excavation","inscription, inscriptions, epigraphist, hero stone, hero stones, hero-stone, archaeological",,thehindu.com,India,English/Other,https://www.thehindu.com/news/cities/Coimbatore/two-hero-stones-with-inscriptions-discovered-at-perumbalai-in-dharmapuri/article38278366.ece,,"Two hero stones with inscriptions in a separate stone dating back to 13th Century were discovered on the north bank of River Cauvery at Perumbalai village in Pennagaram block in the district here recently. Members of the Yaakkai Voluntary Organisation comprising Chandran, Sudhakar Nalliyappan, Arun …",full-text,gdelt,2026-10-09
94,2022-01-11,2022,"ராயக்கோட்டை அருகே 2,500 ஆண்டு பழமை வாய்ந்த பாறை ஓவியங்கள் கண்டுபிடிப்பு - Tamil Pulam","பாறை ஓவியம், தொல்லியல்","Rock art / Rock painting, Archaeology / Excavation","பாறை ஓவியங்கள், தொல்லியல்",,tamilpulam.com,India,Tamil,https://www.tamilpulam.com/2500-years-old-rock-art-rayakkoattai/,,"கிருஷ்ணகிரி: ராயக்கோட்டை அருகே மலை உச்சியில் சுமார் 2,500 ஆண்டுகள் பழமை வாய்ந்த பாறை ஓவியங்களை அறம் வரலாற்று ஆய்வுக் குழுவினர் கண்டறிந்துள்ளனர். இந்த ஓவியங்களை பாதுகாக்க நடவடிக்கை எடுக்க வேண்டும் என கோரிக்கை விடுத்துள்ளனர். ராயக்கோட்டை அருகே, கெட்டூர் கிராமத்தில் உள்ள மலை உச்சியில், சுமார் 2,500 ஆண்…",full-text,seed,2026-10-09
95,2021-12-26,2021,A temple marking the emergence of the Cholas in neglect,நடுகல்,Hero stone / Memorial stone,"hero stone, hero stones, hero-stone",,thehindu.com,India,English/Other,https://www.thehindu.com/news/national/tamil-nadu/a-temple-marking-the-emergence-of-the-cholas-in-neglect/article38039328.ece,,"Amid paddy fields and on an elevated area covered with impenetrable vegetation in Thirupurambiyam village, near Kumbakonam, stands a pallipadai temple where Prithivipati I, the king of the Ganga Dynasty, was buried. Though the war at Thirupurambiyam in 879 CE proved a turning point in the history of…",full-text,gdelt,2026-10-09
96,2021-12-26,2021,Eighth Century hero stone discovered in forest area in Erode,"கல்வெட்டு, நடுகல், பாறை ஓவியம், தொல்லியல்","Inscription / Epigraphy, Hero stone / Memorial stone, Rock art / Rock painting, Archaeology / Excavation","inscriptions, vatteluttu, hero stone, hero stones, hero-stone, rock paintings, archaeological","Tamil Nadu, Karnataka",thehindu.com,India,English/Other,https://www.thehindu.com/news/cities/Coimbatore/eighth-century-hero-stone-discovered-in-forest-area-in-erode/article38043903.ece,,"A hero stone dating back to eighth Century with Tamil inscriptions in Vatteluttu was discovered at Koothampalayam forest area in the district here recently. Members of the Yaakkai Voluntary Organisation comprising Chithalingan, Sudhakar Nalliyappan and Kumaravel Ramasamy, found the hero stone on the…",full-text,gdelt,2026-10-09
97,2021-12-22,2021,Hero stone unearthed in Villupuram district,"கல்வெட்டு, நடுகல், தொல்லியல்","Inscription / Epigraphy, Hero stone / Memorial stone, Archaeology / Excavation","inscription, epigraphist, tamil-brahmi, tamil brahmi, vatteluttu, hero stone, hero-stone, archaeological, archaeologist",,thehindu.com,India,English/Other,https://www.thehindu.com/news/national/tamil-nadu/hero-stone-unearthed-in-villupuram-district/article38007982.ece,,"A team from the Chennai Circle of the Archaeological Survey of India (ASI) has unearthed a hero stone, likely to be from the 4th to 5th Century CE, at V. Nerkunam village in Vikravandi taluk, Villupuram district. Palaeographic analysis of the inscription on the stone indicated that it was from a per…",full-text,gdelt,2026-10-09
98,2021-11-11,2021,கி.பி.13ம் நூற்றாண்டைச் சேர்ந்த பிற்கால பாண்டியர் கால தமிழ் கல்வெட்டு கண்டுபிடிப்பு!,"கல்வெட்டு, தொல்லியல்","Inscription / Epigraphy, Archaeology / Excavation","கல்வெட்டு, தொல்லியல், தொல்லியல் துறை",,nakkheeran.in,India,Tamil,https://www.nakkheeran.in/special-articles/special-article/discovery-late-13th-century-ad-pandyan-tamil-inscription,,"மதுரை மாவட்டம், வில்லூர் அருகே போத்தநதி என்ற ஊரில் கி.பி.13ம் நூற்றாண்டைச் சேர்ந்த பிற்கால பாண்டியர் காலத் தமிழ் கல்வெட்டு கண்டுபிடிக்கப்பட்டுள்ளது. போத்தநதி ஊராட்சி மன்றத் தலைவர் விநாயகமூர்த்தி என்பவர் தங்கள் ஊரில் பழமையான கோவில் இருப்பதாக கொடுத்த தகவலின் அடிப்படையில் மதுரை சரஸ்வதி நாராயணன் கல்லூரி…",full-text,seed,2026-10-09
99,2021-11-01,2021,Sri Lanka: Hypocrisy of LTTE's Heroes Day,நடுகல்,Hero stone / Memorial stone,"hero stone, hero-stone","Tamil Nadu, Sri Lanka",slguardian.org,Other,English/Other,http://www.slguardian.org/2021/12/sri-lanka-hypocrisy-of-lttes-heroes-day.html,https://web.archive.org/web/2/http://www.slguardian.org/2021/12/sri-lanka-hypocrisy-of-lttes-heroes-day.html,"Notwithstanding brazen efforts by vested interests to depict ‘Maaveerar Naal’ falling on 27 November as a day of general Tamil mourning, it must be emphasised that the so-called ‘Great Heroes Day’ was never a national day of Tamil mourning. The ‘Maaveerar Naal’ was an intensely conducted partisan ev…",full-text,gdelt,2026-10-09
100,2021-10-24,2021,13 ஆம் நூற்றாண்டைச் சேர்ந்த பாண்டியர் கால தமிழ் கல்வெட்டு கண்டுபிடிப்பு!,"கல்வெட்டு, தொல்லியல்","Inscription / Epigraphy, Archaeology / Excavation","கல்வெட்டு, கல்வெட்டுகள், கல்வெட்டுக்கள், தொல்லியல்",,nakkheeran.in,India,Tamil,https://www.nakkheeran.in/special-articles/special-article/discovery-13th-century-pandiyar-period-tamil-inscription,,"விருதுநகர் மாவட்டம், ராஜபாளையத்திலிருந்து சங்கரன்கோவில் செல்லும் சாலையில் அமைந்துள்ள சோழபுரத்தில் 13 ஆம் நூற்றாண்டைச் சேர்ந்த பாண்டியர் கால தமிழ் கல்வெட்டு கண்டுபிடிக்கப்பட்டது. சோழபுரம் ஆரம்ப சுகாதார நிலையத்தின் புதிய கட்டிடம் கட்டும் பணியின் போது மண்ணுக்கு அடியில் புதைந்திருந்த கல்வெட்டு ஒன்று கண்…",full-text,seed,2026-10-09
101,2021-10-01,2021,Archive,பாறை ஓவியம்,Rock art / Rock painting,"rock art, rock-art","Tamil Nadu, Puducherry, Kerala, Karnataka, Andhra / Telangana, Sri Lanka, Myanmar, China",hindu.com,India,English/Other,http://www.hindu.com/2007/10/19/stories/2007101956912400.htm,https://web.archive.org/web/2/http://www.hindu.com/2007/10/19/stories/2007101956912400.htm,ePaper Latest News e-Paper Home News National International States Cities Opinion Cartoon Columns Editorial Interview Lead Readers' Editor Comment Open Page Letters Business Agri-Business Industry Economy Markets Budget 2021 Stock Quotes Sport Cricket Football Hockey Tennis Athletics Motorsport Race…,full-text,seed,2026-10-09
102,2021-09-01,2021,Archive,பாறை ஓவியம்,Rock art / Rock painting,"rock art, rock-art","Tamil Nadu, Puducherry, Kerala, Karnataka, Andhra / Telangana, Myanmar, China",hindu.com,India,English/Other,http://www.hindu.com/2007/05/27/stories/2007052704181200.htm,https://web.archive.org/web/2/http://www.hindu.com/2007/05/27/stories/2007052704181200.htm,ePaper Latest News e-Paper Home News National International States Cities Opinion Cartoon Columns Editorial Interview Lead Readers' Editor Comment Open Page Letters Business Agri-Business Industry Economy Markets Budget 2021 Stock Quotes Sport Cricket Football Hockey Tennis Athletics Motorsport Race…,full-text,seed,2026-10-09
103,2021-08-29,2021,கீழடியில் 13 எழுத்து தமிழி பானை ஓடு கண்டுபிடிப்பு,தொல்லியல்,Archaeology / Excavation,"தொல்லியல், தொல்லியல் துறை, அகழாய்வு, கீழடி",,dinamalar.com,India,Tamil,https://www.dinamalar.com/news/tamil-nadu-news/news/2832767,,"ADDED : ஆக 29, 2021 03:14 AM திருப்புவனம்--சிவகங்கை மாவட்டம் கீழடி ஏழாம் கட்ட அகழாய்வில் 13 எழுத்துக்கள்(தமிழி) அடங்கிய பானை ஓடு கண்டெடுக்கப்பட்டுள்ளது. கீழடி, அகரம், கொந்தகையில் ஏழாம் கட்ட அகழாய்வு நடந்து வருகிறது. கீழடியில் எட்டு குழிகள் தோண்டி நடக்கும் அகழாய்வில் தங்க காதணிகள், பாசிகள், கல்உழவு க…",full-text,seed,2026-10-09
104,2021-08-11,2021,Inscription throws new light on hero stone,"கல்வெட்டு, நடுகல், தொல்லியல்","Inscription / Epigraphy, Hero stone / Memorial stone, Archaeology / Excavation","inscription, inscriptions, hero stone, hero-stone, archaeological",,thehindu.com,India,English/Other,https://www.thehindu.com/news/cities/Coimbatore/inscription-throws-new-light-on-hero-stone/article35864949.ece,,"A group of archaeological enthusiasts recently deciphered an inscription near a hero stone, which was worshipped by the residents of a village near Kundadam in Tiruppur district, revealing that the stone was being worshipped at least since 17th Century. The members of Virarajendran Archaeological an…",full-text,gdelt,2026-10-09
105,2021-08-01,2021,Archive,"கல்வெட்டு, தொல்லியல்","Inscription / Epigraphy, Archaeology / Excavation","inscription, archaeology","Tamil Nadu, Puducherry, Kerala, Karnataka, Andhra / Telangana, Sri Lanka, China",hindu.com,India,English/Other,http://www.hindu.com/2010/04/14/stories/2010041456210700.htm,https://web.archive.org/web/2/http://www.hindu.com/2010/04/14/stories/2010041456210700.htm,ePaper Latest News e-Paper Home News National International States Cities Elections Assam Kerala Puducherry Tamil Nadu West Bengal Opinion Cartoon Columns Editorial Interview Lead Readers' Editor Comment Open Page Letters Business Agri-Business Industry Economy Markets Budget 2021 Stock Quotes Sport…,full-text,seed,2026-10-09
106,2021-08-01,2021,Archive,பாறை ஓவியம்,Rock art / Rock painting,"rock art, rock-art","Tamil Nadu, Puducherry, Kerala, Karnataka, Andhra / Telangana, Sri Lanka, China",hindu.com,India,English/Other,http://www.hindu.com/2009/03/06/stories/2009030658302000.htm,https://web.archive.org/web/2/http://www.hindu.com/2009/03/06/stories/2009030658302000.htm,ePaper Latest News e-Paper Home News National International States Cities Elections Assam Kerala Puducherry Tamil Nadu West Bengal Opinion Cartoon Columns Editorial Interview Lead Readers' Editor Comment Open Page Letters Business Agri-Business Industry Economy Markets Budget 2021 Stock Quotes Sport…,full-text,seed,2026-10-09
107,2021-07-21,2021,Hero stone discovered near Harur,"கல்வெட்டு, நடுகல், தொல்லியல்","Inscription / Epigraphy, Hero stone / Memorial stone, Archaeology / Excavation","epigraphy, tamil-brahmi, tamil brahmi, hero stone, hero stones, hero-stone, archaeology, megalithic",,thehindu.com,India,English/Other,https://www.thehindu.com/news/cities/Coimbatore/hero-stone-discovered-near-harur/article35435421.ece,,"A Pallava era hero stone traced to the 7th century was discovered by a group of archaeology enthusiasts in Kookudapatty village near Harur. It is the third in the line of hero stones discovered in the same location and bearing the name of Eachuvaravaraman, a Pallava ruler. The hero stone was discove…",full-text,gdelt,2026-10-09
108,2021-01-27,2021,13th Century hero stones discovered at Talavadi,"கல்வெட்டு, நடுகல், தொல்லியல்","Inscription / Epigraphy, Hero stone / Memorial stone, Archaeology / Excavation","inscription, inscriptions, epigraphist, hero stones, archaeology",Karnataka,thehindu.com,India,English/Other,https://www.thehindu.com/news/cities/Coimbatore/13th-century-hero-stones-discovered-at-talavadi/article33679561.ece,,"Four rare 13th Century hero stones erected in memory of heroes who killed cattle thieves were discovered at Thotta Mudukarai village in Talavadi here. A team comprising John Peter from Talavadi Mayyam, and volunteers of Yakkai Foundation Sudhakar Nalliyappan and Kumaravel Ramasamy found the stones i…",full-text,seed,2026-10-09
109,2021-01-26,2021,தூங்காநகர நினைவுகள் - 2 | ஆதி மனிதனின் பாறை ஓவியங்கள் - மதுரை மலைகளில் மூதாதையர்களின் ரேகைகள்!,"பாறை ஓவியம், தொல்லியல்","Rock art / Rock painting, Archaeology / Excavation","பாறை ஓவியங்கள், குகை ஓவியங்கள், rock art, rock-art, பெருங்கற்கால","Tamil Nadu, Kerala, Karnataka, China",vikatan.com,India,Tamil,https://www.vikatan.com/government-and-politics/archaeology/secret-cave-paintings-found-in-madurai-and-their-historical-significance,,Open App தூங்காநகர நினைவுகள் - 2 | ஆதி மனிதனின் பாறை ஓவியங்கள் - மதுரை மலைகளில் மூதாதையர்களின் ரேகைகள்! மதுரையின் பாறை ஓவியங்கள் ஏன் இங்குப் பயிலும் பள்ளி மற்றும் கல்லூரி மாணவர்களின் பாடத் திட்டங்களில் இடம் பெறவில்லை? இந்தியாவின் முக்கிய சுற்றுலாத் தலங்களின் பட்டியலில் ஏன் இந்த இடங்கள் இடம் பெறவில்ல…,full-text,seed,2026-10-09
110,2020-11-01,2020,களப்பிரர் வரலாற்று ஆவணமான பூலாங்குறிச்சி கல்வெட்டுகளை பாதுகாக்க கோரிக்கை!,"கல்வெட்டு, தொல்லியல்","Inscription / Epigraphy, Archaeology / Excavation","கல்வெட்டு, கல்வெட்டுகள், கல்வெட்டு ஆய்வாளர், தொல்லியல், தொல்லியல் துறை",Tamil Nadu,nakkheeran.in,India,Tamil,https://www.nakkheeran.in/24-by-7-news/thamizhagam/demand-preservation-field-inscriptions,,தமிழக வரலாற்றில் இருண்ட காலமாகக் கருதப்படும் களப்பிரர் காலத்தைச் சேர்ந்த பூலாங்குறிச்சி கல்வெட்டுகளை தொல்லியல் சின்னமாக பாதுகாக்க தொல்லியல் ஆய்வாளர்கள் கோரிக்கை விடுத்துள்ளனர். சிவகங்கை மாவட்டம் திருப்பத்தூர் அருகே உள்ளது பூலாங்குறிச்சி. இங்குள்ள குன்றின் சரிவில் உள்ள பாறையில் களப்பிரர் காலத்தைச் சே…,full-text,seed,2026-10-09
111,2020-11-01,2020,பூலாங்குறிச்சியில் காணப்படும் களப்பிரர் கால கல்வெட்டுகளை தொல்லியல் சின்னமாக பாதுகாக்க கோரிக்கை,"கல்வெட்டு, தொல்லியல்","Inscription / Epigraphy, Archaeology / Excavation","கல்வெட்டு, கல்வெட்டுகள், கல்வெட்டு ஆய்வாளர், தொல்லியல், தொல்லியல் துறை",Tamil Nadu,dailythanthi.com,India,Tamil,https://www.dailythanthi.com/News/Districts/2020/11/02103721/Request-to-preserve-the-Kalabhira-period-inscriptions.vpf,,மாவட்ட செய்திகள் பூலாங்குறிச்சியில் காணப்படும் களப்பிரர் கால கல்வெட்டுகளை தொல்லியல் சின்னமாக பாதுகாக்க கோரிக்கை சிவகங்கை மாவட்டம் பூலாங்குறிச்சியில் காணப்படும் களப்பிரர் காலத்தைச் சேர்ந்த கல்வெட்டுகளை தொல்லியல் சின்னமாக பாதுகாக்க வேண்டும் என்று தொல்லியல் ஆய்வாளர்கள் கோரிக்கை விடுத்துள்ளனர். சிவகங்கை…,full-text,seed,2026-10-09
112,2020-10-14,2020,400-year old hero stone discovered in Madurai,"கல்வெட்டு, நடுகல், தொல்லியல்","Inscription / Epigraphy, Hero stone / Memorial stone, Archaeology / Excavation","inscriptions, hero stone, hero stones, hero-stone, archaeologist",Tamil Nadu,etvbharat.com,India,English/Other,https://www.etvbharat.com/english/state/tamil-nadu/400-year-old-hero-stone-discovered-in-madurai/na20201014130823836,,"400-year old hero stone discovered in Madurai Devi Arivuchelvam, an architect, and Sasikala, an archaeologist have discovered a 400-year-old hero stone in Munisalai, Madurai. In ancient times, it was customary to erect hero stones in memory of those who died at war or sacrificed their lives for the …",full-text,seed,2026-10-09
113,2020-08-17,2020,கிருஷ்ணகிரி: மலைக் கிராமத்தில் மலைக்க வைக்கும் சடங்கு முறைப் பாறை ஓவியங்கள்!,"பாறை ஓவியம், தொல்லியல்","Rock art / Rock painting, Archaeology / Excavation","பாறை ஓவியங்கள், குகை ஓவியங்கள், தொல்லியல், பெருங்கற்கால",Tamil Nadu,vikatan.com,India,Tamil,https://www.vikatan.com/government-and-politics/archaeology/ritual-rock-painting-found-in-krishnagiri-village,,"Open App கிருஷ்ணகிரி: மலைக் கிராமத்தில் மலைக்க வைக்கும் சடங்கு முறைப் பாறை ஓவியங்கள்! இப்பாறை ஓவியங்களில் இரு புலிகள், இரு காட்டுப்பன்றி, இரு மீன் உருவங்கள், குதிரையின் மீது அமர்ந்த நிலையிலும், கிழே நின்ற நிலையிலும் மனிதஉருவங்கள், குறியீடுகள் போன்றவை இப்பாறைகளில் காணப்படுகிறது. கிருஷ்ணகிரி மாவட்டம் …",full-text,seed,2026-10-09
114,2020-06-06,2020,Tamil Temples In Quanzhou; By Siddhant Nair,"கல்வெட்டு, தொல்லியல்","Inscription / Epigraphy, Archaeology / Excavation","inscription, inscriptions, archaeologist","Tamil Nadu, Andhra / Telangana, China",c3sindia.org,Other,English/Other,https://www.c3sindia.org/post/tamil-temples-in-quanzhou-by-siddhant-nair,,"Tamil Temples In Quanzhou; By Siddhant Nair Updated: Aug 26, 2022 Image Courtesy: Wikipedia Commons Article 15/2020 Introduction: The economic and social history of India and China is long-standing. Given their disagreements, there are foreign ramifications of close bilateral ties amongst India and …",full-text,seed,2026-10-09
115,2020-04-06,2020,Tamil inscriptions in Sri Lanka - Wikipedia,"கல்வெட்டு, தொல்லியல்","Inscription / Epigraphy, Archaeology / Excavation","கல்வெட்டு, inscription, inscriptions, inscribed, epigraph, epigraphy, tamil-brahmi, tamil brahmi, grantha script, copper plate, copper plates, copper-plate, graffiti marks, archaeology, archaeological, megalithic, kodumanal","Tamil Nadu, Kerala, Sri Lanka",en.wikipedia.org,Other,English/Other,https://en.wikipedia.org/wiki/Tamil_inscriptions_in_Sri_Lanka,,"Tamil inscriptions in Sri Lanka Tamil inscriptions in Sri Lanka date from the centuries BCE[1] to the modern era. The vast majority of inscriptions date to the centuries following the 10th century AD, and were issued under the reigns of both Tamil and Sinhala rulers alike.[2] Out of the Tamil rulers…",full-text,seed,2026-10-09
116,2019-10-30,2019,Inscriptions on hero stone reveal antiquity 30 years after discovery,"கல்வெட்டு, நடுகல், தொல்லியல்","Inscription / Epigraphy, Hero stone / Memorial stone, Archaeology / Excavation","inscription, inscriptions, hero stone, hero stones, hero-stone, archaeology",Tamil Nadu,thehindu.com,India,English/Other,https://www.thehindu.com/news/cities/Coimbatore/inscriptions-on-hero-stone-reveal-antiquity-30-years-after-discovery/article29835387.ece,,"After nearly 30 years, the inscriptions on a hero stone discovered in Selakarichal and placed at Government Museum have been deciphered, revealing the name of a king who ruled Kongu Region in the 11th century. The deciphering was done by three heritage enthusiasts – S. Anandhakumar, N. Sudhakar and …",full-text,gdelt,2026-10-09
117,2019-07-03,2019,‘New Bengaluru’ may have been the oldest,"கல்வெட்டு, நடுகல்","Inscription / Epigraphy, Hero stone / Memorial stone","inscription, inscriptions, hero stone, hero-stone",,economictimes.indiatimes.com,Other,English/Other,https://economictimes.indiatimes.com/news/politics-and-nation/new-bengaluru-may-have-been-the-oldest/articleshow/70052534.cms,,"Doddakannali, off Sarjapur Road, peppered with swanky business parks and pubs, is often dismissed as ‘new Bangalore’, but, ironically, it houses one of the earliest inscription stones dated 890 AD, telling the tale of Kannali and a warrior who died defending the town. Such nuggets and more of the ci…",full-text,gdelt,2026-10-09
118,2019-06-11,2019,Election Commission Jaffna’s foundation stone: tombstone or hero stone? | Daily FT,நடுகல்,Hero stone / Memorial stone,"hero stone, hero-stone",Sri Lanka,ft.lk,Sri Lanka,English/Other,http://www.ft.lk/opinion/Election-Commission-Jaffna-s-foundation-stone--tombstone-or-hero-stone-/14-679760,,"Friday Oct 09, 2026 Tuesday, 11 June 2019 00:14 - - {{hitsCtrl.values.hits}} The Election Commission’s Jaffna Office, housed so far in the Jaffna Kachcheri, has been allocated building space in Old Park Jaffna, and the foundation stone for a three-storey building, with the top floor to house staff v…",full-text,gdelt,2026-10-09
119,2019-06-09,2019,Transform This Tomb For Democracy Into A Hero-Stone To Fight For Its Revival - Colombo Telegraph,நடுகல்,Hero stone / Memorial stone,"hero stone, hero-stone",Sri Lanka,colombotelegraph.com,Other,English/Other,https://www.colombotelegraph.com/index.php/transform-this-tomb-for-democracy-into-a-hero-stone-to-fight-for-its-revival/,,"GA and District Secretary Vedanayahan, Prabhus assembled here including women, friends: When I accepted appointment as a Member of the Commission, it was on a happy day. We had come out of a hellish, brutish period when many men and women had been disappeared and our freedoms diminished. They knuckl…",full-text,gdelt,2026-10-09
120,2019-06-08,2019,The reconciliation effort,நடுகல்,Hero stone / Memorial stone,"hero stone, hero-stone",Sri Lanka,dailynews.lk,Sri Lanka,English/Other,http://www.dailynews.lk/2019/06/08/features/187771/reconciliation-effort,https://web.archive.org/web/2/http://www.dailynews.lk/2019/06/08/features/187771/reconciliation-effort,"Reproduced below is a summary text of the speech by Prof. S. Ratnajeevan H. Hoole, Member of the Commission, delivered at the Election Commission’s Jaffna Office. The foundation stone for a three storey building with the top floor to the Commission staff visiting Jaffna was laid on June 5. Most rece…",full-text,gdelt,2026-10-09
121,2019-05-17,2019,Hero stone discovered near toilet | Coimbatore News - Times of India,"நடுகல், தொல்லியல்","Hero stone / Memorial stone, Archaeology / Excavation","hero stone, hero-stone, archaeological",,timesofindia.indiatimes.com,India,English/Other,https://timesofindia.indiatimes.com/city/coimbatore/hero-stone-discovered-near-toilet/articleshow/69365275.cms,,"- News - City News - coimbatore News - Hero stone discovered near toilet Trending This story is from May 17, 2019 The stone was found near a public toilet on Vellakoil-Nathamedu Road at Karikadai Medu, S Manikandan, a social worker who first spotted the stone, said. âThe stone might be erected after…",full-text,gdelt,2026-10-09
122,2019-02-27,2019,Unique 14th century hero stone found in Coimbatore | Coimbatore News - Times of India,"நடுகல், தொல்லியல்","Hero stone / Memorial stone, Archaeology / Excavation","hero stone, hero stones, hero-stone, archaeological",Tamil Nadu,timesofindia.indiatimes.com,India,English/Other,https://timesofindia.indiatimes.com/city/coimbatore/unique-14th-century-hero-stone-found-in-coimbatore/articleshow/68177815.cms,,"- News - City News - coimbatore News - Unique 14th century hero stone found in Coimbatore Trending This story is from February 27, 2019 The hero stone was found in Singanallur in Coimbatore district Members of the Virarajendran Archaeological and Historical Research Centre found the stone abandoned …",full-text,gdelt,2026-10-09
123,2018-11-28,2018,This museum is a treasure trove of Kongu history | Coimbatore News - Times of India,"கல்வெட்டு, நடுகல், தொல்லியல்","Inscription / Epigraphy, Hero stone / Memorial stone, Archaeology / Excavation","inscriptions, hero stone, hero-stone, archeology, archeological",,timesofindia.indiatimes.com,India,English/Other,https://timesofindia.indiatimes.com/city/coimbatore/this-museum-is-a-treasure-trove-of-kongu-history/articleshow/66876955.cms,,"- News - City News - coimbatore News - This museum is a treasure trove of Kongu history Trending This story is from November 28, 2018 If you want to get acquainted with the history of Kongu region, visit the government archeology museum, tucked away in a small street in Nanjundapuram There are idols…",full-text,gdelt,2026-10-09
124,2018-09-27,2018,"Tamil Nadu: 14th century hero stone honouring bodyguard, sati wife found | Coimbatore News - Times of India","கல்வெட்டு, நடுகல், தொல்லியல்","Inscription / Epigraphy, Hero stone / Memorial stone, Archaeology / Excavation","inscription, hero stone, hero-stone, archaeological",Tamil Nadu,timesofindia.indiatimes.com,India,English/Other,https://timesofindia.indiatimes.com/city/coimbatore/satikal-honours-memory-of-slain-warrior-his-wifes-sacrifice/articleshow/65972001.cms,,"- News - City News - coimbatore News - Tamil Nadu: 14th century hero stone honouring bodyguard, sati wife found Trending This story is from September 27, 2018 Peep into the past The stone was found a few meters away from Kurakutthali-Aaludaiya Nayanar Temple in Sarkar Periyapalayam village, which wa…",full-text,gdelt,2026-10-09
125,2018-08-09,2018,Lobu Tua Inscription - Wikipedia,கல்வெட்டு,Inscription / Epigraphy,"inscription, inscriptions, epigraphy, epigraphist",Indonesia,en.wikipedia.org,Other,English/Other,https://en.wikipedia.org/wiki/Lobu_Tua_Inscription,,"Lobu Tua Inscription Lobu Tua Inscription, also called Barus Inscription, is an inscription written in Tamil language which was discovered in 1873 in the village of Lobu Tua, Andam Dewi district of Central Tapanuli Regency, in North Sumatra Province, Indonesia.[1] This inscription is dated 1010 Saka…",full-text,seed,2026-10-09
126,2018-06-30,2018,Chennai: 9th Century relic with Vattezhuththu script found | Chennai News - Times of India,"கல்வெட்டு, நடுகல், தொல்லியல்","Inscription / Epigraphy, Hero stone / Memorial stone, Archaeology / Excavation","inscription, inscriptions, epigraphist, hero stone, hero stones, hero-stone, archaeological",Puducherry,timesofindia.indiatimes.com,India,English/Other,https://timesofindia.indiatimes.com/city/chennai/9th-century-relic-with-vattezhuththu-script-found/articleshow/64802093.cms,,"- News - City News - chennai News - Chennai: 9th Century relic with Vattezhuththu script found Trending This story is from June 30, 2018 A team of amateurs from the Virarajendran Archaeological and Historical Research Centre has discovered a 9th century hero stone with Vattezhuththu (a writing syste…",full-text,gdelt,2026-10-09
127,2018-02-26,2018,Hero stone unearthed,நடுகல்,Hero stone / Memorial stone,"hero stone, hero stones, hero-stone, nadukal",,thehindu.com,India,English/Other,http://www.thehindu.com/news/states/hero-stone-unearthed/article22858918.ece,,"Members of the Salem Historical Centre have unearthed a 17th century hero stone (pulikuththi kal) at Veerakkal village, near Nangavalli. The village should have derived its name because of the hero stone (veerakkal) found in this village. Such stones have carvings of persons who have sacrificed thei…",full-text,gdelt,2026-10-09
128,2017-12-16,2017,The history of Bengaluru is preserved in the ancient inscription stones found all over the city,"கல்வெட்டு, நடுகல், தொல்லியல்","Inscription / Epigraphy, Hero stone / Memorial stone, Archaeology / Excavation","inscription, inscriptions, epigraphy, hero stone, hero stones, hero-stone, archaeological",,thehindu.com,India,English/Other,http://www.thehindu.com/society/what-do-the-inscription-stones-of-bengaluru-say/article21670654.ece,,"Last month, I was at the iconic red-brick building of the Government Museum on Kasturba Road in Bengaluru behind which an exhibition called Inscription Stones of Bangalore was under way. On display were 28 large posters of inscription stones found in various parts of the city. I had a task to do — ‘…",full-text,gdelt,2026-10-09
129,2017-11-08,2017,"Keezhadi is an archaeological milestone, let's not bury it in knee-jerk politics","கல்வெட்டு, நடுகல், தொல்லியல்","Inscription / Epigraphy, Hero stone / Memorial stone, Archaeology / Excavation","inscriptions, tamil-brahmi, tamil brahmi, hero stone, hero-stone, archaeology, archaeological, keezhadi",,thenewsminute.com,India,English/Other,http://www.thenewsminute.com/article/keezhadi-archaeological-milestone-lets-not-bury-it-knee-jerk-politics-71278,,"Opinion Keezhadi is an archaeological milestone, let's not bury it in knee-jerk politics It’s too early to foist theories of religion or secularism on Keezhadi – we need to dig first and write stories later. There’s controversy over the Keezhadi excavation. Once again. Keezhadi, in TN’s Sivaganga di…",full-text,gdelt,2026-10-09
130,2017-11-06,2017,Kayts,"கல்வெட்டு, தொல்லியல்","Inscription / Epigraphy, Archaeology / Excavation","inscription, inscribed, archaeological",Sri Lanka,siddham.network,Other,English/Other,https://siddham.network/tag/kayts/,,"OB03182 Nainativu Inscribed Slab of Parakramabahu I Nainativu Nagapooshani Amman Temple, Sri Lanka IN03229 Nainativu Tamil Inscription of Parakramabahu I This inscription is engraved on both sides of a stone slab, which was found lying opposite the entrance to the famous Nākapūṣaṇi-Ammaṉ Temple on …",full-text,seed,2026-10-09
131,2017-10-09,2017,Preserving Bengaluru's history etched in stone,"கல்வெட்டு, நடுகல், தொல்லியல்","Inscription / Epigraphy, Hero stone / Memorial stone, Archaeology / Excavation","inscription, inscriptions, hero stone, hero-stone, archaeology",,thehindu.com,India,English/Other,http://www.thehindu.com/news/cities/bangalore/preserving-the-citys-history-etched-in-stone/article19829252.ece,,"On a 1,100-year-old veeragallu , or hero stone, believed to have been installed by the Western Ganga dynasty, is found one of the first references to the city as Bengaluru. The inscription documents a battle fought in 890 AD and says Buttanapathi, a warrior, died in Bengaluru. The important relic st…",full-text,gdelt,2026-10-09
132,2017-09-02,2017,Centuries-old hero stones found in Yelagiri foothills | Chennai News - Times of India,"கல்வெட்டு, நடுகல், தொல்லியல்","Inscription / Epigraphy, Hero stone / Memorial stone, Archaeology / Excavation","inscription, hero stone, hero stones, hero-stone, archaeological",Sri Lanka,timesofindia.indiatimes.com,India,English/Other,http://timesofindia.indiatimes.com/city/chennai/centuries-old-hero-stones-found-in-yelagiri-foothills/articleshow/60331460.cms,,"- News - City News - chennai News - Centuries-old hero stones found in Yelagiri foothills Trending This story is from September 2, 2017 M Gandhi, the former curator of the Vellore government museum, along with R Mani, retired conservation assistant of the Archaeological Survey of India, visited the …",full-text,gdelt,2026-10-09
133,2017-08-31,2017,Retired curator finds hero stones,"கல்வெட்டு, நடுகல், தொல்லியல்","Inscription / Epigraphy, Hero stone / Memorial stone, Archaeology / Excavation","inscription, hero stone, hero stones, hero-stone, archaeological",,thehindu.com,India,English/Other,http://www.thehindu.com/news/national/tamil-nadu/retired-curator-finds-hero-stones/article19595753.ece,,"A retired curator of the Government Museum, Vellore stumbled upon a treasure trove of antiquities from Yelagiri gramam near Tirupattur. It included two hero stones and a merchant guild stone. M. Gandhi, the former curator along with R. Mani, retired conservation assistant from the Archaeological Sur…",full-text,gdelt,2026-10-09
134,2017-08-20,2017,"‘Just like the Taj Mahal, Indian dogs are a part of our heritage’: Interview with Theodore Baskaran",நடுகல்,Hero stone / Memorial stone,"hero stone, hero-stone","Tamil Nadu, Kerala, Karnataka",thenewsminute.com,India,English/Other,http://www.thenewsminute.com/article/just-taj-mahal-indian-dogs-are-part-our-heritage-interview-theodore-baskaran-67108,,"Features ‘Just like the Taj Mahal, Indian dogs are a part of our heritage’: Interview with Theodore Baskaran 'We need to understand that the people who raised dogs in India were the trappers, hunters, farmhands, workers and loaders, the working class essentially.' Sundararaj Theodore Baskaran, 77, i…",full-text,gdelt,2026-10-09
135,2017-08-14,2017,The originals of tamil rock,நடுகல்,Hero stone / Memorial stone,"hero stone, hero-stone",Tamil Nadu,newsnow.in,India,English/Other,http://www.newsnow.in/news/the-originals-of-tamil-rock,https://web.archive.org/web/2/http://www.newsnow.in/news/the-originals-of-tamil-rock,"The originals of tamil rock The originals of tamil rock.....»» 16th century slab points to use of hookah in Tamil Nadu 16th century slab points to use of hookah in Tamil Nadu.....»» Heavy Rains Lash Tamil Nadu""s Coastal Areas, Govt Says Better Prepared Than US, UK Heavy Rains Lash Tamil Nadu""s Coast…",full-text,gdelt,2026-10-09
136,2017-07-28,2017,Baahubali's 3-Arrow Archery Style Might Be Real! Carvings on 13th Century Stones Suggest.,"கல்வெட்டு, நடுகல், தொல்லியல்","Inscription / Epigraphy, Hero stone / Memorial stone, Archaeology / Excavation","inscriptions, hero stones, archaeological",Tamil Nadu,thebetterindia.com,Other,English/Other,https://www.thebetterindia.com/110037/hero-stones-discovered-contain-baahubali-style-archery-techniques/amp/,,"Do you remember the sequence in Baahubali 2: The Conclusion, when Amarendra Baahubali teaches his ladylove Devasena how to defend herself from archers using three arrows at a time from a single bow? Looks like the technique might have indeed been a skill wielded by archers from the yore and not just…",full-text,seed,2026-10-09
137,2017-04-20,2017,"News - 1,100-Year-Old Inscription Found in India - Archaeology Magazine","கல்வெட்டு, பாறை ஓவியம், தொல்லியல்","Inscription / Epigraphy, Rock art / Rock painting, Archaeology / Excavation","inscription, inscriptions, petroglyphs, archaeology",Tamil Nadu,archaeology.org,USA,English/Other,https://archaeology.org/?p=6144,,"TAMIL NADU, INDIA—The Times of India reports that a 1,125-year-old inscription has been discovered on the floor of the Arunachaleswarar Temple, one of the largest temple complexes in India. This inscription is thought to be just a few years younger than one discovered in the nineteenth century. “The…",full-text,seed,2026-10-09
138,2017-04-03,2017,Hero stones of women warriors found in Krishnagiri,"கல்வெட்டு, நடுகல், தொல்லியல்","Inscription / Epigraphy, Hero stone / Memorial stone, Archaeology / Excavation","inscriptions, hero stone, hero stones, hero-stone, archaeology",Tamil Nadu,dtnext.in,India,English/Other,https://www.dtnext.in/tamilnadu/2017/04/02/hero-stones-of-women-warriors-found-in-krishnagiri,,Tamil Nadu Hero stones of women warriors found in Krishnagiri Members of Krishangiri District History Search Organisation (KDHSO) stumbled upon rare hero stones recently. They were so stunned to see the scene depicted on it that they verified their findings with eminent archaeologists. The stones di…,full-text,seed,2026-10-09
139,2017-01-22,2017,Why is Tamil Nadu against the ban of Jallikattu,"கல்வெட்டு, நடுகல்","Inscription / Epigraphy, Hero stone / Memorial stone","inscriptions, epigraphist, hero stone, hero stones, hero-stone",Tamil Nadu,freepressjournal.in,India,English/Other,http://www.freepressjournal.in/featured-blog/why-is-tamil-nadu-against-the-ban-of-jallikattu/1006294,https://web.archive.org/web/2/http://www.freepressjournal.in/featured-blog/why-is-tamil-nadu-against-the-ban-of-jallikattu/1006294,"Dravida Thambi explains why a rural sport with ancient roots is shaking the foundations of law and order in Tamil Nadu, and the sentiments attached to it To ordinary people, the ongoing ‘Tamil Spring’– wherein thousands of men, women and children unprecedentedly occupy famed public spots in Tamil Na…",full-text,gdelt,2026-10-09
140,2017-01-16,2017,Villagers construct temple for seventh century hero stone in Tiruppur | Chennai News - Times of India,"கல்வெட்டு, நடுகல், தொல்லியல்","Inscription / Epigraphy, Hero stone / Memorial stone, Archaeology / Excavation","inscriptions, hero stone, hero stones, hero-stone, archaeological",,timesofindia.indiatimes.com,India,English/Other,http://timesofindia.indiatimes.com/city/chennai/villagers-construct-temple-for-seventh-century-hero-stone-in-tiruppur/articleshow/56574679.cms,,"- News - City News - chennai News - Villagers construct temple for seventh century hero stone in Tiruppur Trending This story is from January 16, 2017 The stone is said to have been erected for a hero who died during an encounter with a tiger to save cattle. But hereâs an exception. A couple of mont…",full-text,gdelt,2026-10-09
141,2016-01-15,2016,சிவலிங்கத்தில் தமிழ் - பிராமி கல்வெட்டு தொல்லியல் துறையினர் கண்டுபிடிப்பு,"கல்வெட்டு, தொல்லியல்","Inscription / Epigraphy, Archaeology / Excavation","கல்வெட்டு, தமிழ் பிராமி, தமிழ்-பிராமி, தொல்லியல், தொல்லியல் துறை",,dinamalar.com,India,Tamil,https://www.dinamalar.com/news_detail.asp?id=1433752&Print=1,,"சிவலிங்கத்தில் தமிழ் - பிராமி கல்வெட்டு தொல்லியல் துறையினர் கண்டுபிடிப்பு ADDED : ஜன 15, 2016 01:26 AM சென்னை,: மதுராந்தகம் அருகே, சிவலிங்கத்தில், தமிழ் - பிராமி கல்வெட்டு இருப்பதை, தொல்லியல் துறை அதிகாரிகள் கண்டுபிடித்துள்ளனர்.காஞ்சிபுரம் மாவட்டம், மதுராந்தகம் அடுத்த நெட்ரம்பாக்கம் கிராமத்தில், ஊர்…",full-text,seed,2026-10-09
142,2013-06-20,2013,Relationship of the Tamils with the Chinese - Wikipedia,"கல்வெட்டு, தொல்லியல்","Inscription / Epigraphy, Archaeology / Excavation","inscription, inscriptions, archaeological","Tamil Nadu, Sri Lanka, Malaysia, Indonesia, China",en.wikipedia.org,Other,English/Other,https://en.wikipedia.org/wiki/Relationship_of_the_Tamils_with_the_Chinese,,"Relationship of the Tamils with the Chinese Tamils maintained a complex and enduring relationship with the Chinese, representing one of the most significant trans-oceanic dynamics in pre-modern global history. Interactions between Tamil polities - primarily the Pallava and Chola empires - and the Ha…",full-text,seed,2026-10-09
143,2012-11-12,2012,Tamil-Brahmi in Oman - varnam,"கல்வெட்டு, தொல்லியல்","Inscription / Epigraphy, Archaeology / Excavation","inscriptions, tamil-brahmi, tamil brahmi, archaeological, adichanallur","Kerala, Egypt, Oman, Thailand",varnam.org,Other,English/Other,https://www.varnam.org/?p=3475,,"While we are trying to figure out if Harappans wrote in proto-Brahmi, here is a interesting story about something that was written in Tamil using Brahmi script. An Italian archaeological mission to Oman found a potsherd in 2006 in the Khor Rori area, but they could not make out what was written on i…",full-text,seed,2026-10-09
144,2012-03-25,2012,"2,200-year-old Tamil-Brahmi inscription found | Jain Heritage Centres","கல்வெட்டு, பாறை ஓவியம், தொல்லியல்","Inscription / Epigraphy, Rock art / Rock painting, Archaeology / Excavation","inscription, inscriptions, epigraphist, tamil-brahmi, tamil brahmi, rock shelter, archaeology, archaeological","Tamil Nadu, Puducherry",jainheritagecentres.com,Other,English/Other,https://jainheritagecentres.com/?p=1024,,"It is engraved on a boulder in which a drip-ledge has been cut and beds excavated on the rock floor for Jaina monks to rest. Chennai (Tamil Nadu), March 25, 2012: A Tamil-Brahmi inscription that pushes back the association of Samanamalai (“Jaina Hill”), 15 km from Madurai, with Jainism to 2,200 year…",full-text,seed,2026-10-09
145,2010-06-27,2010,Ponniyin Selvan Varalaatru Peravai,"கல்வெட்டு, தொல்லியல்","Inscription / Epigraphy, Archaeology / Excavation","inscription, inscriptions, inscribed, epigraphy, epigraphist, tamil-brahmi, tamil brahmi, graffiti marks, potsherd inscription, archaeology, archaeological, archaeologist, archaeological excavation, archaeological excavations, megalithic, kodumanal","Tamil Nadu, Sri Lanka",ponniyinselvan.in,India,English/Other,https://ponniyinselvan.in/forum/discussion/41483/tissamaharama-potsherd-evidences-ordinary-early-tamils-among-population,,"Tissamaharama potsherd evidences ordinary early Tamils among population - [TamilNet, Wednesday, 28 July 2010, 03:18 GMT] A potsherd inscription in Tamil Brahmi found some times back in an archaeological excavation by a German team at Tissamaharama in the Hambantota district of the Southern Province …",full-text,seed,2026-10-09
146,2009-03-30,2009,Stone Pages Archaeo News: Ancient cup marks found in India,"கல்வெட்டு, பாறை ஓவியம், தொல்லியல்","Inscription / Epigraphy, Rock art / Rock painting, Archaeology / Excavation","inscription, rock art, rock painting, rock paintings, rock-art, archaeological, archaeologist",Tamil Nadu,stonepages.com,Other,English/Other,https://www.stonepages.com/news/archives/003233.html,,"| | | | | | | | | | | | | | | | | | EDITORIAL TEAM: Clive Price-Jones Diego Meozzi Paola Arosio Philip Hansen Wolf Thandoy If you think our news service is a valuable resource, please consider a donation. Select your currency and click the PayPal button: | | 30 March 2009 Ancient cup marks found in …",full-text,seed,2026-10-09
147,2009-01-10,2009,Ponniyin Selvan Varalaatru Peravai,"கல்வெட்டு, பாறை ஓவியம், தொல்லியல்","Inscription / Epigraphy, Rock art / Rock painting, Archaeology / Excavation","inscription, inscriptions, epigraphist, tamil-brahmi, tamil brahmi, rock art, rock-art, archaeology",Tamil Nadu,ponniyinselvan.in,India,English/Other,https://ponniyinselvan.in/forum/discussion/comment/29376,,"Rock art finds excite aficionados - Source: http://www.hindu.com/2009/01/10/stories/2009011053362200.htm Rock art finds excite aficionados T.S. Subramanian Paintings on rocky outcrops in Tamil Nadu could be 2,500 to 3,000 years old Photo: BY SPECIAL ARRANGEMENT MOTIFS: K.T. Gandhirajan looking at pa…",full-text,seed,2026-10-09
148,2008-04-12,2008,"Institude for Oriental Sttudy, Thane","கல்வெட்டு, நடுகல், தொல்லியல்","Inscription / Epigraphy, Hero stone / Memorial stone, Archaeology / Excavation","inscription, hero stone, hero stones, hero-stone, archeological","Tamil Nadu, Puducherry",orientalthane.com,Other,English/Other,https://orientalthane.com/archaeology/news_2008_04_12.htm,,"7th century memorial stones unearthed during exploration Puducherry | Friday, Apr 11 2008 IST Two memorial stones dating back to the seventh century were found at Vanjikuli, a small tribal hamlet on the Kalrayan hills at Sankarapuram taluk in Villupuram district of Tamil Nadu. The stones were recent…",full-text,seed,2026-10-09
149,2007-12-11,2007,Tamil Brahmi script in Egypt,"கல்வெட்டு, தொல்லியல்","Inscription / Epigraphy, Archaeology / Excavation","inscription, inscriptions, epigraphy, tamil-brahmi, tamil brahmi, archaeological","Puducherry, Egypt",orientalthane.com,Other,English/Other,https://orientalthane.com/archaeology/news_2007_12_11.htm,,"Tamil Brahmi script in Egypt Special Correspondent significant pointer: Potsherd with Tamil Brahmi inscription, circa first century B.C., found in Egypt. CHENNAI: A broken storage jar with inscrip excavated at Quseir-al-Qadim, an ancient port with a Roman settlement on the Red Sea coast of Egypt. Th…",full-text,seed,2026-10-09
150,2007-11-20,2007,Tamilians in Ancient Egypt - varnam,கல்வெட்டு,Inscription / Epigraphy,"inscription, inscriptions, inscribed, tamil-brahmi, tamil brahmi",Egypt,varnam.org,Other,English/Other,https://www.varnam.org/2007/11/20/tamilians_in_ancient_egypt/,,"paanai oRi. Those words mean pot (suspended) in a rope net and that was inscribed in Tamil Brahmi script on both sides of a storage jar. The jar was found in Quseir-al-Qadim, an ancient Egyptian port and was dated to the 1st century BCE when Egypt was under Roman control. According to Mr. Mahadevan,…",full-text,seed,2026-10-09
151,2007-01-01,2007,Early Inscribed Hero Stones in Tamil Nadu,"கல்வெட்டு, நடுகல், தொல்லியல்","Inscription / Epigraphy, Hero stone / Memorial stone, Archaeology / Excavation","inscriptions, inscribed, tamil-brahmi, tamil brahmi, hero stone, hero stones, hero-stone, archeological","Tamil Nadu, Puducherry",list.indology.info,Other,English/Other,https://list.indology.info/pipermail/indology/2008-March/031524.html,,"Tue Mar 4 02:38:17 UTC 2008 - Previous message (by thread): Buddhist Studies Lectureship - Next message (by thread): Early Inscribed Hero Stones in Tamil Nadu - Messages sorted by: [ date ] [ thread ] [ subject ] [ author ] Recently, 4 inscribed hero stones (naTu kal) have been unearthed in Tamil Na…",full-text,seed,2026-10-09
152,2006-12-28,2006,Tamil inscriptions in Malay world - Wikipedia,கல்வெட்டு,Inscription / Epigraphy,"inscription, inscriptions, inscribed, vatteluttu","Tamil Nadu, Thailand, Malaysia, Indonesia, Myanmar, China",en.wikipedia.org,Other,English/Other,https://en.wikipedia.org/wiki/Tamil_inscriptions_in_Malay_world,,"Tamil inscriptions in Malay world A number of medieval inscriptions written in Tamil language and script that have been found in Southeast Asia and China, mainly in Sumatra and peninsular Thailand. These texts arose directly from trade links between south India and certain parts of Southeast Asia an…",full-text,seed,2026-10-09
153,2006-07-26,2006,Tamil-Brahmi inscription on pottery found in Thailand,"கல்வெட்டு, தொல்லியல்","Inscription / Epigraphy, Archaeology / Excavation","inscription, inscriptions, inscribed, epigraphy, tamil-brahmi, tamil brahmi, archaeology","Tamil Nadu, Thailand",southeastasianarchaeology.com,Other,English/Other,https://southeastasianarchaeology.com/2006/07/26/tamil-brahmi-inscription-on-pottery-found-in-thailand,,"16 July 2006 (The Hindu) – Inscriptions on a 2nd-century pottery find in Thailand indicate origins in Tamil Nadu in India, indicating a new extent of Tamil influence in the ancient world. Tamil-Brahmi inscription on pottery found in Thailand A unique Tamil-Brahmi Inscription on pottery of the second…",full-text,seed,2026-10-09
154,2006-04-05,2006,"Institude for Oriental Sttudy, Thane","கல்வெட்டு, நடுகல், தொல்லியல்","Inscription / Epigraphy, Hero stone / Memorial stone, Archaeology / Excavation","inscription, inscriptions, inscribed, epigraphy, tamil-brahmi, tamil brahmi, hero stone, hero stones, hero-stone, archaeology",Tamil Nadu,orientalthane.com,Other,English/Other,https://orientalthane.com/archaeology/news_2006_04_05_1.htm,,"THANJAVUR: Hero stones over 2,300 years old and inscribed with the Tamil Brahmi script have been discovered, for the first time, at Puliyamkombai in Andipatti taluk of Theni district. V.P.Yatheeskumar and S.Selvakumar of the Department of Epigraphy and Archaeology of Tamil University, Thanjavur, fou…",full-text,seed,2026-10-09
155,2006-02-08,2006,Tamil copper-plate inscriptions - Wikipedia,"கல்வெட்டு, தொல்லியல்","Inscription / Epigraphy, Archaeology / Excavation","inscription, inscriptions, epigraphy, epigraphist, copper plate, copper plates, copper-plate, archaeology, archaeological",Tamil Nadu,en.wikipedia.org,Other,English/Other,https://en.wikipedia.org/wiki/Tamil_copper-plate_inscriptions,,"Tamil copper-plate inscriptions Tamil copper-plate inscriptions are copper-plate records of grants of villages, plots of cultivable lands or other privileges to private individuals or public institutions by the members of the various South Indian royal dynasties.[1] The study of these inscriptions h…",full-text,seed,2026-10-09
156,2005-02-04,2005,Ponniyin Selvan Varalaatru Peravai,"கல்வெட்டு, தொல்லியல்","Inscription / Epigraphy, Archaeology / Excavation","inscription, epigraphist, tamil-brahmi, tamil brahmi, archeological, adichanallur",Tamil Nadu,ponniyinselvan.in,India,English/Other,https://ponniyinselvan.in/forum/discussion/comment/5721,,"Script found inside urn at Adichanallur.. - Dear All, Something interesting. Seems a Tamil-Brahmi script, tentatively dated to 500 BCE has been discovered inside an urn at Adichanallur. http://www.sulekha.com/news/nhc.aspx?cid=415575 - Dear SPS, This is an important finding in Tamil history. All alo…",full-text,seed,2026-10-09
157,2003-09-15,2003,3rd century BC Tamil inscription discovered - varnam,"கல்வெட்டு, தொல்லியல்","Inscription / Epigraphy, Archaeology / Excavation","inscription, inscriptions, tamil-brahmi, tamil brahmi, archaeology, archaeological, archeology, archeological","Tamil Nadu, Karnataka, Andhra / Telangana",varnam.org,Other,English/Other,https://www.varnam.org/?p=217,,"Another great “archeological discovery”:http://timesofindia.indiatimes.com/cms.dll/html/uncomp/articleshow?msid=179977 in India bq. A rare Tamil Brahmi inscription, dating back to third century BC, engraved in a cave where early Jain monks were said to have resided, has been recently discovered by e…",full-text,seed,2026-10-09
